Ma_sinh_vien,Ho,Ten,Gioi_tinh,Ngay_sinh,Mail,Di_dong,CMND,Hoc_bong,Ma_khoa
C0001,Khương Thảo,Loan,FALSE,1/4/1999 0:00,ktloan@gmail.com,987314518,5.87E+11,2000000,CN
C0002,Đặng Bạch,Ngọc,TRUE,11/11/1999 0:00,dbngoc@gmail.com,987587327,2.74E+11,0,CN
C0003,Phạm Văn Minh,Thiện,TRUE,11/23/1999 0:00,pvmthien@gmail.com,987858734,8.36E+11,0,CN
C0004,Đinh Thị Thanh,Dung,FALSE,1/19/1999 0:00,dttdung@gmail.com,987508413,3.73E+11,1000000,CN
C0005,Trần Mạnh,Thiện,TRUE,8/19/1999 0:00,tmthien@gmail.com,987579776,2.33E+11,1000000,CN
C0006,Trần Văn Minh,Hiệu,TRUE,12/12/1999 0:00,tvmhieu@gmail.com,168595875,65746412487,1000000,CN
C0007,Lê Thị,Mai,FALSE,9/13/1999 0:00,ltmai@gmail.com,168116548,1.24E+11,2000000,CN
C0008,Bạch Vĩnh,Tuấn,TRUE,6/8/1999 0:00,bvtuan@gmail.com,987682839,6.44E+11,1000000,CN
C0009,Thái Thị Thanh,Nhung,FALSE,7/18/1999 0:00,tttnhung@gmail.com,913555665,9.43E+11,0,CN
C0010,Khương Văn Minh,Trọng,TRUE,10/1/1999 0:00,kvmtrong@gmail.com,913557276,5.48E+11,2000000,CN
C0011,Hoàng Thảo,Thúy,FALSE,12/7/1999 0:00,htthuy@gmail.com,987337162,9.49E+11,1000000,CN
C0012,Mã Vĩnh,Thiệu,TRUE,10/9/1999 0:00,mvthieu@gmail.com,168135829,5.22E+11,3000000,CN
C0013,Nguyễn Minh,Thu,FALSE,7/18/1999 0:00,nmthu@gmail.com,168591321,4.56E+11,1000000,CN
C0014,Khương Thị,Ly,FALSE,2/11/1999 0:00,ktly@gmail.com,987712052,4.55E+11,0,CN
C0015,Vương Thị Thanh,Loan,FALSE,3/12/1999 0:00,vttloan@gmail.com,913722185,3.61E+11,1000000,CN
C0016,Nguyễn Thảo,Trang,FALSE,9/11/1999 0:00,nttrang@gmail.com,987514786,2.19E+11,1000000,CN
C0017,Lê Thị Thảo,Đào,FALSE,12/27/1999 0:00,lttdao@gmail.com,987489713,4.35E+11,2000000,CN
C0018,Mã Thảo,Lan,FALSE,2/7/1999 0:00,mtlan@gmail.com,168975412,5.29E+11,1000000,CN
C0019,Thái Ngọc,Mỹ,TRUE,2/24/1999 0:00,tnmy@gmail.com,913595747,5.47E+11,1000000,CN
C0020,Phạm Bạch,Minh,TRUE,10/3/1999 0:00,pbminh@gmail.com,168151138,3.67E+11,1000000,CN
C0021,Vương Vĩnh,Hòa,TRUE,1/3/1999 0:00,vvhoa@gmail.com,987334366,6.62E+11,3000000,CN
C0022,Lý Phú,Ngọc,TRUE,5/14/1999 0:00,lpngoc@gmail.com,987465869,5.28E+11,2000000,CN
C0023,Nguyễn Thị Thanh,Lan,FALSE,9/8/1999 0:00,nttlan@gmail.com,913617889,8.25E+11,2000000,CN
C0024,Thái Nam,Sinh,TRUE,11/17/1999 0:00,tnsinh@gmail.com,913102284,3.71E+11,1000000,CN
C0025,Phạm Phương,Phương,FALSE,6/15/1999 0:00,ppphuong@gmail.com,168374535,7.74E+11,3000000,CN
C0026,Lâm Vĩnh,Hiệu,TRUE,7/26/1999 0:00,lvhieu@gmail.com,987880747,3.04E+11,0,CN
C0027,Đinh Thanh,Mỹ,TRUE,11/26/1999 0:00,dtmy@gmail.com,913774531,4.62E+11,0,CN
C0028,Lâm Nam,Sinh,TRUE,7/24/1999 0:00,lnsinh@gmail.com,168613393,7.47E+11,0,CN
C0029,Khương Ngọc,Minh,TRUE,10/28/1999 0:00,knminh@gmail.com,168792295,5.45E+11,1000000,CN
C0030,Phạm Vĩnh,Phong,TRUE,9/5/1999 0:00,pvphong@gmail.com,913803291,1.53E+11,2000000,CN
C0031,Lý Thảo,Thúy,FALSE,7/5/1999 0:00,ltthuy@gmail.com,987566402,13098347676,3000000,CN
C0032,Mã Thị,Ly,FALSE,5/30/1999 0:00,mtly@gmail.com,168675486,8.23E+11,0,CN
C0033,Mã Văn Minh,Trọng,TRUE,9/3/1999 0:00,mvmtrong@gmail.com,987078641,5.32E+11,3000000,CN
C0034,Thái Minh,Phương,TRUE,7/9/1999 0:00,tmphuong@gmail.com,987687468,9.26E+11,3000000,CN
C0035,Văn Phú,Tâm,TRUE,2/7/1999 0:00,vptam@gmail.com,913852739,4.46E+11,0,CN
C0036,Lý Minh,Minh,FALSE,9/13/1999 0:00,lmminh@gmail.com,987364828,1.12E+11,2000000,CN
C0037,Cao Văn Minh,Phong,TRUE,8/12/1999 0:00,cvmphong@gmail.com,913652620,5.27E+11,1000000,CN
C0038,Mã Bạch,Mỹ,TRUE,7/18/1999 0:00,mbmy@gmail.com,913563968,5.54E+11,0,CN
C0039,Cao Mạnh,Thiện,TRUE,3/20/1999 0:00,cmthien@gmail.com,987842511,7.93E+11,0,CN
C0040,Thái Thảo,Hoa,FALSE,2/3/1999 0:00,tthoa@gmail.com,913128448,4.70E+11,0,CN
C0041,Bạch Văn,Hiệu,TRUE,10/6/1999 0:00,bvhieu@gmail.com,987465746,2.12E+11,2000000,CN
C0042,Đàm Vĩnh,Dũng,TRUE,8/4/1999 0:00,dvdung@gmail.com,913702776,2.37E+11,3000000,CN
C0043,Bạch Thị Thanh,Nhung,FALSE,10/30/1999 0:00,bttnhung@gmail.com,168114496,40440424749,3000000,CN
C0044,Bạch Thị,Thúy,FALSE,11/9/1999 0:00,btthuy@gmail.com,987681542,4.83E+11,0,CN
C0045,Thái Nam,Tân,TRUE,1/3/1999 0:00,tntan@gmail.com,168841324,6.76E+11,3000000,CN
C0046,Bạch Nam,Huy,TRUE,5/14/1999 0:00,bnhuy@gmail.com,913533371,2.52E+11,0,CN
C0047,Lê Văn Minh,Thiệu,TRUE,5/12/1999 0:00,lvmthieu@gmail.com,913101488,5.98E+11,2000000,CN
C0048,Đàm Thảo,Hoa,FALSE,9/12/1999 0:00,dthoa@gmail.com,913416223,9.41E+11,1000000,CN
C0049,Lý Văn,Dũng,TRUE,9/12/1999 0:00,lvdung@gmail.com,913541297,6.18E+11,3000000,CN
C0050,Trần Minh,Ngân,TRUE,11/13/1999 0:00,tmngan@gmail.com,987775844,7.21E+11,2000000,CN
C0051,Lâm Thị Thảo,Loan,FALSE,1/9/1999 0:00,lttloan@gmail.com,168418373,3.12E+11,0,CN
C0052,Lê Thị Thảo,Ly,FALSE,2/14/1999 0:00,lttly@gmail.com,168434476,8.74E+11,1000000,CN
C0053,Hoàng Văn,Phong,TRUE,6/29/1999 0:00,hvphong@gmail.com,168238108,5.18E+11,2000000,CN
C0054,Lý Vĩnh,Sinh,TRUE,5/25/1999 0:00,lvsinh@gmail.com,913134764,1.46E+11,0,CN
C0055,Lê Thảo,Hương,FALSE,11/6/1999 0:00,lthuong@gmail.com,168706154,6.77E+11,2000000,CN
C0056,Thái Thảo,Đào,FALSE,9/19/1999 0:00,ttdao@gmail.com,987815189,5.17E+11,0,CN
C0057,Vương Thị Thảo,Hạnh,FALSE,3/18/1999 0:00,vtthanh@gmail.com,168116314,6.17E+11,3000000,CN
C0058,Trần Văn Minh,Tuấn,TRUE,5/30/1999 0:00,tvmtuan@gmail.com,913176166,5.17E+11,1000000,CN
C0059,Thái Thảo,Trúc,FALSE,7/8/1999 0:00,tttruc@gmail.com,987863212,4.44E+11,2000000,CN
C0060,Văn Thị,Lan,FALSE,5/20/1999 0:00,vtlan@gmail.com,913926778,7.72E+11,3000000,CN
C0061,Đặng Vĩnh,Sinh,TRUE,10/7/1999 0:00,dvsinh@gmail.com,168640925,5.26E+11,2000000,CN
C0062,Hoàng Thị Thanh,Đào,FALSE,10/2/1999 0:00,httdao@gmail.com,913323153,5.17E+11,3000000,CN
C0063,Đặng Nam,Lộc,TRUE,9/26/1999 0:00,dnloc@gmail.com,987122436,3.19E+11,0,CN
C0064,Lâm Vĩnh,Thiệu,TRUE,7/8/1999 0:00,lvthieu@gmail.com,987456418,5.10E+11,2000000,CN
C0065,Lâm Thảo,Trúc,FALSE,9/19/1999 0:00,lttruc@gmail.com,987113162,6.14E+11,3000000,CN
C0066,Mã Phú,Tâm,FALSE,12/28/1999 0:00,mptam@gmail.com,987340442,67145136407,2000000,CN
C0067,Lâm Thảo,Hạnh,FALSE,11/20/1999 0:00,lthanh@gmail.com,913675266,2.95E+11,0,CN
C0068,Khương Vĩnh,Sinh,TRUE,1/2/1999 0:00,kvsinh@gmail.com,987841607,9.15E+11,0,CN
C0069,Cao Nam,Tuấn,TRUE,10/22/1999 0:00,cntuan@gmail.com,987760225,2.71E+11,2000000,CN
C0070,Đặng Thị,Nhung,FALSE,9/29/1999 0:00,dtnhung@gmail.com,987233358,4.58E+11,0,CN
C0071,Khương Thanh,Thanh,FALSE,3/13/1999 0:00,ktthanh@gmail.com,168852812,9.43E+11,0,CN
C0072,Thái Mạnh,Lộc,TRUE,12/5/1999 0:00,tmloc@gmail.com,987155833,55768329142,3000000,CN
C0073,Trần Thảo,Hạnh,FALSE,3/23/1999 0:00,tthanh@gmail.com,987718558,4.51E+11,1000000,CN
C0074,Thái Thảo,Nga,FALSE,2/23/1999 0:00,ttnga@gmail.com,168122579,4.43E+11,3000000,CN
C0075,Lê Thảo,Hoa,FALSE,5/15/1999 0:00,lthoa@gmail.com,913243932,6.62E+11,3000000,CN
C0076,Nguyễn Thanh,Phương,TRUE,2/20/1999 0:00,ntphuong@gmail.com,913347446,2.87E+11,3000000,CN
C0077,Lâm Minh,Ngọc,TRUE,6/12/1999 0:00,lmngoc@gmail.com,913451494,2.89E+11,2000000,CN
C0078,Đinh Phú,Thanh,FALSE,2/4/1999 0:00,dpthanh@gmail.com,987088328,6.14E+11,2000000,CN
C0079,Cao Thị Thanh,Trúc,FALSE,3/6/1999 0:00,ctttruc@gmail.com,168428594,5.26E+11,1000000,CN
C0080,Bạch Thanh,Thanh,FALSE,1/4/1999 0:00,btthanh@gmail.com,913843497,1.70E+11,3000000,CN
C0081,Bạch Thị,Thúy,FALSE,10/26/1999 0:00,btthuy@gmail.com,913278353,2.84E+11,3000000,CN
C0082,Đàm Phương,Ngân,TRUE,2/23/1999 0:00,dpngan@gmail.com,168192289,6.72E+11,0,CN
C0083,Văn Thị,Ly,FALSE,12/28/1999 0:00,vtly@gmail.com,913826240,5.23E+11,2000000,CN
C0084,Bạch Phương,Ngọc,TRUE,2/19/1999 0:00,bpngoc@gmail.com,913184553,8.83E+11,0,CN
C0085,Nguyễn Thảo,Trúc,FALSE,1/27/1999 0:00,nttruc@gmail.com,913741348,4.06E+11,2000000,CN
C0086,Văn Văn Minh,Thăng,TRUE,10/21/1999 0:00,vvmthang@gmail.com,913252673,1.31E+11,2000000,CN
C0087,Đinh Thảo,Trúc,FALSE,5/6/1999 0:00,dttruc@gmail.com,987772773,8.67E+11,1000000,CN
C0088,Đinh Văn Minh,Thiệu,TRUE,6/4/1999 0:00,dvmthieu@gmail.com,913837727,5.26E+11,1000000,CN
C0089,Lâm Mạnh,Phong,TRUE,2/25/1999 0:00,lmphong@gmail.com,168544311,3.32E+11,2000000,CN
C0090,Thái Văn Minh,Sinh,TRUE,5/4/1999 0:00,tvmsinh@gmail.com,987637112,8.52E+11,2000000,CN
C0091,Nguyễn Thảo,Ly,FALSE,11/7/1999 0:00,ntly@gmail.com,913147858,6.03E+11,2000000,CN
C0092,Trần Thảo,Nhung,FALSE,9/25/1999 0:00,ttnhung@gmail.com,913676681,8.75E+11,1000000,CN
C0093,Bạch Vĩnh,Lộc,TRUE,4/4/1999 0:00,bvloc@gmail.com,987332563,8.16E+11,0,CN
C0094,Lê Nam,Thiệu,TRUE,2/25/1999 0:00,lnthieu@gmail.com,987884525,6.88E+11,3000000,CN
C0095,Cao Nam,Dũng,TRUE,9/15/1999 0:00,cndung@gmail.com,913309378,3.28E+11,3000000,CN
C0096,Văn Ngọc,Ngọc,FALSE,11/22/1999 0:00,vnngoc@gmail.com,913166025,3.38E+11,3000000,CN
C0097,Phạm Thị Thanh,Lan,FALSE,8/7/1999 0:00,pttlan@gmail.com,987159337,5.19E+11,2000000,CN
C0098,Văn Thị Thanh,Nga,FALSE,6/20/1999 0:00,vttnga@gmail.com,168929323,6.70E+11,1000000,CN
C0099,Đàm Minh,Thu,TRUE,8/7/1999 0:00,dmthu@gmail.com,913297897,75954405147,0,CN
C0100,Cao Văn,Huy,TRUE,9/19/1999 0:00,cvhuy@gmail.com,987571969,2.36E+11,1000000,CN
C0101,Khương Thảo,Dung,FALSE,4/5/1999 0:00,ktdung@gmail.com,168490255,8.18E+11,0,CN
C0102,Mã Thảo,Ly,FALSE,5/11/1999 0:00,mtly@gmail.com,913155875,2.23E+11,3000000,CN
C0103,Vương Văn,Hiệu,TRUE,7/7/1999 0:00,vvhieu@gmail.com,913040177,4.23E+11,0,CN
C0104,Lê Nam,Huy,TRUE,4/14/1999 0:00,lnhuy@gmail.com,987378557,8.83E+11,2000000,CN
C0105,Hoàng Vĩnh,Tân,TRUE,10/11/1999 0:00,hvtan@gmail.com,168442133,7.56E+11,3000000,CN
C0106,Thái Thảo,Lan,FALSE,7/9/1999 0:00,ttlan@gmail.com,987682393,7.89E+11,0,CN
C0107,Lâm Thị,Hương,FALSE,2/7/1999 0:00,lthuong@gmail.com,987542436,5.16E+11,0,CN
C0108,Bạch Văn Minh,Sinh,TRUE,2/8/1999 0:00,bvmsinh@gmail.com,168873574,6.57E+11,2000000,CN
C0109,Bạch Thị,Hoa,FALSE,10/14/1999 0:00,bthoa@gmail.com,913174720,3.48E+11,1000000,CN
C0110,Hoàng Nam,Huy,TRUE,6/6/1999 0:00,hnhuy@gmail.com,913275310,8.37E+11,3000000,CN
C0111,Thái Thảo,Ly,FALSE,2/8/1999 0:00,ttly@gmail.com,987578191,2.18E+11,0,CN
C0112,Phạm Thị Thanh,Nhung,FALSE,1/21/1999 0:00,pttnhung@gmail.com,168247951,7.46E+11,0,CN
C0113,Khương Văn Minh,Thiệu,TRUE,5/10/1999 0:00,kvmthieu@gmail.com,987682465,6.09E+11,0,CN
C0114,Vương Bạch,Ngọc,TRUE,2/19/1999 0:00,vbngoc@gmail.com,913017162,5.15E+11,0,CN
C0115,Hoàng Phương,Mỹ,FALSE,10/21/1999 0:00,hpmy@gmail.com,913812572,7.35E+11,0,CN
C0116,Văn Thị Thanh,Đào,FALSE,3/11/1999 0:00,vttdao@gmail.com,987536841,5.38E+11,2000000,CN
C0117,Lâm Thị Thanh,Đào,FALSE,4/10/1999 0:00,lttdao@gmail.com,168227373,6.87E+11,2000000,CN
C0118,Khương Văn,Bảo,TRUE,5/10/1999 0:00,kvbao@gmail.com,913445288,4.58E+11,1000000,CN
C0119,Cao Thảo,Thúy,FALSE,3/17/1999 0:00,ctthuy@gmail.com,168451848,7.19E+11,2000000,CN
C0120,Hoàng Văn Minh,Hòa,TRUE,8/15/1999 0:00,hvmhoa@gmail.com,168507265,5.96E+11,0,CN
C0121,Đặng Thanh,Minh,FALSE,4/11/1999 0:00,dtminh@gmail.com,987093434,7.63E+11,0,CN
C0122,Đặng Ngọc,Thanh,TRUE,8/4/1999 0:00,dnthanh@gmail.com,168488289,8.63E+11,1000000,CN
C0123,Nguyễn Văn Minh,Bảo,TRUE,7/15/1999 0:00,nvmbao@gmail.com,987742972,7.55E+11,0,CN
C0124,Đinh Thị Thanh,Loan,FALSE,4/26/1999 0:00,dttloan@gmail.com,913421473,3.33E+11,3000000,CN
C0125,Thái Phú,Ngọc,TRUE,11/26/1999 0:00,tpngoc@gmail.com,168112483,3.82E+11,2000000,CN
C0126,Đặng Nam,Trọng,TRUE,7/11/1999 0:00,dntrong@gmail.com,168595738,3.76E+11,2000000,CN
C0127,Cao Văn Minh,Hiệu,TRUE,3/29/1999 0:00,cvmhieu@gmail.com,168982483,8.25E+11,0,CN
C0128,Đinh Thị Thanh,Đào,FALSE,8/4/1999 0:00,dttdao@gmail.com,168643551,5.67E+11,0,CN
C0129,Phạm Văn,Sinh,TRUE,3/31/1999 0:00,pvsinh@gmail.com,987463816,1.50E+11,0,CN
C0130,Đặng Mạnh,Huy,TRUE,5/27/1999 0:00,dmhuy@gmail.com,913467919,1.39E+11,0,CN
C0131,Khương Văn Minh,Huy,TRUE,10/16/1999 0:00,kvmhuy@gmail.com,168541651,4.34E+11,1000000,CN
C0132,Phạm Thị Thanh,Dung,FALSE,9/7/1999 0:00,pttdung@gmail.com,913172326,42648721276,2000000,CN
C0133,Phạm Thanh,Tâm,FALSE,4/16/1999 0:00,pttam@gmail.com,168587261,7.10E+11,2000000,CN
C0134,Trần Thảo,Trang,FALSE,7/13/1999 0:00,tttrang@gmail.com,913523286,8.87E+11,0,CN
C0135,Đàm Vĩnh,Mẫn,TRUE,6/11/1999 0:00,dvman@gmail.com,913547957,5.32E+11,3000000,CN
C0136,Văn Bạch,Mỹ,TRUE,4/29/1999 0:00,vbmy@gmail.com,987419127,2.03E+11,1000000,CN
C0137,Văn Nam,Bảo,TRUE,5/5/1999 0:00,vnbao@gmail.com,168831446,2.47E+11,3000000,CN
C0138,Văn Thảo,Mai,FALSE,6/13/1999 0:00,vtmai@gmail.com,987802591,56434403148,0,CN
C0139,Mã Nam,Sinh,TRUE,5/13/1999 0:00,mnsinh@gmail.com,168226058,7.38E+11,1000000,CN
C0140,Đàm Vĩnh,Thăng,TRUE,12/2/1999 0:00,dvthang@gmail.com,913063278,6.81E+11,0,CN
C0141,Thái Thị Thanh,Mai,FALSE,10/29/1999 0:00,tttmai@gmail.com,987926366,1.12E+11,0,CN
C0142,Văn Thị Thảo,Thúy,FALSE,10/17/1999 0:00,vttthuy@gmail.com,168616505,6.74E+11,2000000,CN
C0143,Lý Minh,Thanh,TRUE,3/13/1999 0:00,lmthanh@gmail.com,913158873,7.08E+11,3000000,CN
C0144,Nguyễn Nam,Hiệu,TRUE,4/18/1999 0:00,nnhieu@gmail.com,987446168,7.66E+11,0,CN
C0145,Đặng Thanh,Mỹ,FALSE,10/5/1999 0:00,dtmy@gmail.com,913896263,3.90E+11,2000000,CN
C0146,Vương Thị Thanh,Hạnh,FALSE,10/16/1999 0:00,vtthanh@gmail.com,987773165,4.89E+11,1000000,CN
C0147,Nguyễn Thị Thanh,Đào,FALSE,2/21/1999 0:00,nttdao@gmail.com,987742684,1.00E+12,1000000,CN
C0148,Đặng Văn,Thăng,TRUE,3/16/1999 0:00,dvthang@gmail.com,913937413,4.41E+11,1000000,CN
C0149,Cao Thị Thảo,Hương,FALSE,12/14/1999 0:00,ctthuong@gmail.com,168821044,7.01E+11,0,CN
C0150,Lâm Văn Minh,Thăng,TRUE,10/2/1999 0:00,lvmthang@gmail.com,913576733,5.46E+11,3000000,CN
C0151,Lý Thị Thảo,Hạnh,FALSE,7/6/1999 0:00,ltthanh@gmail.com,913883771,6.36E+11,0,CN
C0152,Đặng Thị Thanh,Lan,FALSE,9/24/1999 0:00,dttlan@gmail.com,913216005,3.26E+11,1000000,CN
C0153,Phạm Thanh,Phương,TRUE,7/11/1999 0:00,ptphuong@gmail.com,913516753,1.15E+11,2000000,CN
C0154,Cao Văn Minh,Bảo,TRUE,5/11/1999 0:00,cvmbao@gmail.com,913598140,5.30E+11,3000000,CN
C0155,Trần Văn,Kiệt,TRUE,10/4/1999 0:00,tvkiet@gmail.com,913718235,5.14E+11,0,CN
C0156,Hoàng Thị Thanh,Hạnh,FALSE,1/7/1999 0:00,htthanh@gmail.com,168455842,1.37E+11,0,CN
C0157,Trần Minh,Mỹ,FALSE,2/28/1999 0:00,tmmy@gmail.com,913058821,5.93E+11,2000000,CN
C0158,Trần Nam,Tuấn,TRUE,2/7/1999 0:00,tntuan@gmail.com,913416377,5.09E+11,1000000,CN
C0159,Cao Thị Thanh,Hạnh,FALSE,4/7/1999 0:00,ctthanh@gmail.com,913321232,2.47E+11,1000000,CN
C0160,Phạm Thảo,Mai,FALSE,12/19/1999 0:00,ptmai@gmail.com,987316732,7.91E+11,0,CN
C0161,Mã Phú,Tâm,FALSE,11/26/1999 0:00,mptam@gmail.com,168142883,15174421341,3000000,CN
C0162,Đinh Văn Minh,Thăng,TRUE,8/19/1999 0:00,dvmthang@gmail.com,987976853,5.43E+11,1000000,CN
C0163,Đàm Ngọc,Thanh,TRUE,3/12/1999 0:00,dnthanh@gmail.com,913315935,6.38E+11,0,CN
C0164,Thái Minh,Mỹ,FALSE,1/9/1999 0:00,tmmy@gmail.com,913313205,2.42E+11,1000000,CN
C0165,Văn Minh,Ngọc,FALSE,8/25/1999 0:00,vmngoc@gmail.com,168620574,4.90E+11,0,CN
C0166,Lâm Bạch,Thanh,FALSE,7/20/1999 0:00,lbthanh@gmail.com,168048752,3.37E+11,1000000,CN
C0167,Mã Thảo,Ly,FALSE,3/20/1999 0:00,mtly@gmail.com,168465823,5.44E+11,2000000,CN
C0168,Hoàng Phương,Tâm,FALSE,6/26/1999 0:00,hptam@gmail.com,987581151,8.87E+11,2000000,CN
C0169,Đinh Văn Minh,Vỹ,TRUE,8/13/1999 0:00,dvmvy@gmail.com,987248889,2.18E+11,1000000,CN
C0170,Phạm Thị Thanh,Loan,FALSE,8/29/1999 0:00,pttloan@gmail.com,168765983,4.27E+11,0,CN
C0171,Vương Phú,Minh,FALSE,2/14/1999 0:00,vpminh@gmail.com,168556656,2.37E+11,0,CN
C0172,Văn Thị Thanh,Mai,FALSE,11/21/1999 0:00,vttmai@gmail.com,913713628,7.67E+11,2000000,CN
C0173,Trần Nam,Hiệu,TRUE,8/1/1999 0:00,tnhieu@gmail.com,987768345,2.07E+11,1000000,CN
C0174,Hoàng Nam,Thiệu,TRUE,4/18/1999 0:00,hnthieu@gmail.com,987741872,1.52E+11,1000000,CN
C0175,Đặng Thảo,Lan,FALSE,5/29/1999 0:00,dtlan@gmail.com,987644618,3.43E+11,3000000,CN
C0176,Cao Minh,Ngọc,TRUE,12/13/1999 0:00,cmngoc@gmail.com,913560171,9.71E+11,2000000,CN
C0177,Đặng Thị,Lan,FALSE,3/28/1999 0:00,dtlan@gmail.com,987185204,13187548126,3000000,CN
C0178,Đàm Văn,Lộc,TRUE,5/21/1999 0:00,dvloc@gmail.com,913448520,9.89E+11,2000000,CN
C0179,Văn Thị,Hạnh,FALSE,7/26/1999 0:00,vthanh@gmail.com,913732566,3.41E+11,2000000,CN
C0180,Nguyễn Văn Minh,Huy,TRUE,4/19/1999 0:00,nvmhuy@gmail.com,168343911,9.26E+11,2000000,CN
C0181,Đàm Mạnh,Kiệt,TRUE,11/4/1999 0:00,dmkiet@gmail.com,913312686,5.23E+11,2000000,CN
C0182,Khương Phương,Ngân,TRUE,4/8/1999 0:00,kpngan@gmail.com,913285653,2.11E+11,3000000,CN
C0183,Lê Văn Minh,Vỹ,TRUE,2/6/1999 0:00,lvmvy@gmail.com,987153235,3.96E+11,0,CN
C0184,Mã Thảo,Dung,FALSE,11/11/1999 0:00,mtdung@gmail.com,168745287,8.15E+11,0,CN
C0185,Lý Văn Minh,Phong,TRUE,8/20/1999 0:00,lvmphong@gmail.com,168889657,2.24E+11,3000000,CN
C0186,Lý Thảo,Hạnh,FALSE,7/26/1999 0:00,lthanh@gmail.com,987083017,3.89E+11,2000000,CN
C0187,Đinh Thảo,Hương,FALSE,2/25/1999 0:00,dthuong@gmail.com,987387763,9.82E+11,2000000,CN
C0188,Đặng Thanh,Ngọc,FALSE,4/5/1999 0:00,dtngoc@gmail.com,987834114,8.19E+11,1000000,CN
C0189,Lý Thị Thảo,Hương,FALSE,6/10/1999 0:00,ltthuong@gmail.com,168897157,1.14E+11,0,CN
C0190,Văn Thị Thảo,Loan,FALSE,7/21/1999 0:00,vttloan@gmail.com,913178556,3.44E+11,2000000,CN
C0191,Đặng Thảo,Ly,FALSE,9/9/1999 0:00,dtly@gmail.com,913438784,1.46E+11,3000000,CN
C0192,Lâm Vĩnh,Tân,TRUE,4/23/1999 0:00,lvtan@gmail.com,913953273,5.57E+11,3000000,CN
C0193,Lý Vĩnh,Tuấn,TRUE,12/25/1999 0:00,lvtuan@gmail.com,987482842,8.90E+11,2000000,CN
C0194,Trần Văn Minh,Tuấn,TRUE,3/8/1999 0:00,tvmtuan@gmail.com,987088479,3.14E+11,1000000,CN
C0195,Lê Văn,Kiệt,TRUE,9/2/1999 0:00,lvkiet@gmail.com,987526642,3.41E+11,3000000,CN
C0196,Đinh Ngọc,Thu,FALSE,6/16/1999 0:00,dnthu@gmail.com,168502711,1.57E+11,0,CN
C0197,Đinh Thảo,Mai,FALSE,1/27/1999 0:00,dtmai@gmail.com,168205239,6.83E+11,3000000,CN
C0198,Lê Văn Minh,Thiện,TRUE,6/27/1999 0:00,lvmthien@gmail.com,913495078,1.64E+11,2000000,CN
C0199,Bạch Phương,Mỹ,TRUE,3/3/1999 0:00,bpmy@gmail.com,168855668,7.05E+11,0,CN
C0200,Đinh Văn,Phong,TRUE,7/21/1999 0:00,dvphong@gmail.com,168985248,1.14E+11,3000000,CN
C0201,Lý Vĩnh,Sang,TRUE,1/29/1999 0:00,lvsang@gmail.com,168458283,1.17E+11,0,CN
C0202,Lê Thảo,Nga,FALSE,2/25/1999 0:00,ltnga@gmail.com,913399918,6.23E+11,2000000,CN
C0203,Khương Thanh,Phương,FALSE,6/1/1999 0:00,ktphuong@gmail.com,913257653,8.13E+11,2000000,CN
C0204,Khương Văn Minh,Tân,TRUE,8/10/1999 0:00,kvmtan@gmail.com,987186154,6.81E+11,3000000,CN
C0205,Cao Văn,Phong,TRUE,4/10/1999 0:00,cvphong@gmail.com,913513318,4.68E+11,2000000,CN
C0206,Hoàng Nam,Tuấn,TRUE,8/13/1999 0:00,hntuan@gmail.com,168277247,5.63E+11,0,CN
C0207,Cao Thanh,Thanh,TRUE,7/6/1999 0:00,ctthanh@gmail.com,168138144,3.30E+11,3000000,CN
C0208,Khương Vĩnh,Tuấn,TRUE,4/28/1999 0:00,kvtuan@gmail.com,168966584,1.58E+11,2000000,CN
C0209,Lâm Vĩnh,Mẫn,TRUE,5/7/1999 0:00,lvman@gmail.com,987843380,5.08E+11,0,CN
C0210,Hoàng Văn Minh,Hòa,TRUE,8/25/1999 0:00,hvmhoa@gmail.com,987613368,8.39E+11,1000000,CN
C0211,Vương Văn Minh,Tuấn,TRUE,11/27/1999 0:00,vvmtuan@gmail.com,168781200,5.78E+11,2000000,CN
C0212,Trần Thị Thanh,Mai,FALSE,10/30/1999 0:00,tttmai@gmail.com,913300524,9.74E+11,1000000,CN
C0213,Văn Thị Thanh,Ly,FALSE,6/6/1999 0:00,vttly@gmail.com,168476335,2.83E+11,2000000,CN
C0214,Mã Thảo,Thúy,FALSE,1/25/1999 0:00,mtthuy@gmail.com,987424537,1.13E+11,0,CN
C0215,Đàm Thị Thanh,Hạnh,FALSE,6/5/1999 0:00,dtthanh@gmail.com,987358836,9.85E+11,3000000,CN
C0216,Đinh Thanh,Thanh,FALSE,4/9/1999 0:00,dtthanh@gmail.com,987705817,5.31E+11,1000000,CN
C0217,Trần Bạch,Thu,TRUE,8/18/1999 0:00,tbthu@gmail.com,987731662,7.53E+11,2000000,CN
C0218,Khương Thị Thanh,Mai,FALSE,10/2/1999 0:00,kttmai@gmail.com,987938472,93559659361,3000000,CN
C0219,Đinh Thảo,Đào,FALSE,5/27/1999 0:00,dtdao@gmail.com,168997275,7.20E+11,1000000,CN
C0220,Thái Mạnh,Huy,TRUE,12/3/1999 0:00,tmhuy@gmail.com,987494526,4.01E+11,3000000,CN
C0221,Lý Ngọc,Ngân,FALSE,5/19/1999 0:00,lnngan@gmail.com,168808232,3.16E+11,0,CN
C0222,Lê Thảo,Trúc,FALSE,11/11/1999 0:00,lttruc@gmail.com,913527668,4.09E+11,0,CN
C0223,Khương Minh,Tâm,TRUE,4/12/1999 0:00,kmtam@gmail.com,913065257,1.59E+11,0,CN
C0224,Lê Nam,Bảo,TRUE,8/21/1999 0:00,lnbao@gmail.com,913472857,4.20E+11,1000000,CN
C0225,Lý Văn Minh,Phong,TRUE,2/14/1999 0:00,lvmphong@gmail.com,913457646,8.72E+11,3000000,CN
C0226,Lý Nam,Huy,TRUE,11/30/1999 0:00,lnhuy@gmail.com,168082065,8.12E+11,2000000,CN
C0227,Lê Thanh,Minh,FALSE,10/2/1999 0:00,ltminh@gmail.com,913801829,7.89E+11,1000000,CN
C0228,Trần Thị,Hoa,FALSE,7/30/1999 0:00,tthoa@gmail.com,987409934,6.30E+11,2000000,CN
C0229,Đặng Vĩnh,Thiệu,TRUE,8/4/1999 0:00,dvthieu@gmail.com,913072249,2.98E+11,3000000,CN
C0230,Hoàng Thảo,Ly,FALSE,7/12/1999 0:00,htly@gmail.com,168122865,4.65E+11,2000000,CN
C0231,Bạch Thị,Lan,FALSE,12/17/1999 0:00,btlan@gmail.com,168886346,3.71E+11,3000000,CN
C0232,Phạm Nam,Trọng,TRUE,12/15/1999 0:00,pntrong@gmail.com,168666184,2.73E+11,3000000,CN
C0233,Lâm Thảo,Nga,FALSE,10/10/1999 0:00,ltnga@gmail.com,913785334,4.75E+11,1000000,CN
C0234,Hoàng Văn Minh,Tuấn,TRUE,11/30/1999 0:00,hvmtuan@gmail.com,987542323,7.20E+11,2000000,CN
C0235,Nguyễn Văn Minh,Sinh,TRUE,4/25/1999 0:00,nvmsinh@gmail.com,987145366,2.15E+11,3000000,CN
C0236,Vương Thảo,Thúy,FALSE,3/12/1999 0:00,vtthuy@gmail.com,913439485,6.64E+11,3000000,CN
C0237,Đàm Bạch,Thu,TRUE,4/27/1999 0:00,dbthu@gmail.com,913245348,6.45E+11,2000000,CN
C0238,Đàm Phú,Ngân,TRUE,2/20/1999 0:00,dpngan@gmail.com,913155199,5.18E+11,3000000,CN
C0239,Vương Thị Thảo,Hương,FALSE,4/5/1999 0:00,vtthuong@gmail.com,168365514,9.54E+11,3000000,CN
C0240,Phạm Thị,Hương,FALSE,6/19/1999 0:00,pthuong@gmail.com,168755546,1.22E+11,0,CN
C0241,Hoàng Vĩnh,Phong,TRUE,11/2/1999 0:00,hvphong@gmail.com,987589308,7.85E+11,1000000,CN
C0242,Lê Mạnh,Kiệt,TRUE,6/19/1999 0:00,lmkiet@gmail.com,987167158,5.67E+11,1000000,CN
C0243,Đàm Thanh,Mỹ,FALSE,1/30/1999 0:00,dtmy@gmail.com,168645382,4.56E+11,0,CN
C0244,Đàm Văn Minh,Huy,TRUE,10/24/1999 0:00,dvmhuy@gmail.com,168643111,7.40E+11,3000000,CN
C0245,Cao Minh,Thu,FALSE,11/20/1999 0:00,cmthu@gmail.com,913165000,7.77E+11,3000000,CN
C0246,Lý Văn Minh,Huy,TRUE,6/16/1999 0:00,lvmhuy@gmail.com,168415361,5.79E+11,1000000,CN
C0247,Văn Thị,Hạnh,FALSE,5/3/1999 0:00,vthanh@gmail.com,913612725,9.61E+11,3000000,CN
C0248,Trần Thảo,Loan,FALSE,11/28/1999 0:00,ttloan@gmail.com,168682529,59334162158,1000000,CN
C0249,Khương Thị Thanh,Trúc,FALSE,12/7/1999 0:00,ktttruc@gmail.com,987596866,4.36E+11,0,CN
C0250,Bạch Thanh,Ngân,TRUE,7/26/1999 0:00,btngan@gmail.com,987428634,9.78E+11,2000000,CN
C0251,Thái Nam,Thăng,TRUE,7/3/1999 0:00,tnthang@gmail.com,987143032,4.94E+11,1000000,CN
C0252,Mã Thị,Dung,FALSE,9/24/1999 0:00,mtdung@gmail.com,913177843,5.29E+11,2000000,CN
C0253,Lâm Thị Thanh,Dung,FALSE,9/21/1999 0:00,lttdung@gmail.com,913154086,4.42E+11,1000000,CN
C0254,Mã Văn Minh,Huy,TRUE,4/6/1999 0:00,mvmhuy@gmail.com,168338447,7.86E+11,2000000,CN
C0255,Thái Thảo,Dung,FALSE,8/21/1999 0:00,ttdung@gmail.com,913010383,4.14E+11,0,CN
C0256,Văn Thị Thảo,Trúc,FALSE,4/5/1999 0:00,vtttruc@gmail.com,168037798,5.62E+11,2000000,CN
C0257,Phạm Văn,Vỹ,TRUE,10/16/1999 0:00,pvvy@gmail.com,168005838,5.33E+11,2000000,CN
C0258,Lâm Văn Minh,Thiện,TRUE,6/14/1999 0:00,lvmthien@gmail.com,913623786,2.45E+11,0,CN
C0259,Đinh Thảo,Ly,FALSE,11/3/1999 0:00,dtly@gmail.com,987502362,7.11E+11,1000000,CN
C0260,Vương Phương,Phương,TRUE,8/20/1999 0:00,vpphuong@gmail.com,987494605,6.57E+11,1000000,CN
C0261,Mã Nam,Thiệu,TRUE,2/4/1999 0:00,mnthieu@gmail.com,168256599,1.93E+11,3000000,CN
C0262,Lý Thanh,Thanh,TRUE,3/18/1999 0:00,ltthanh@gmail.com,168552725,7.27E+11,2000000,CN
C0263,Văn Mạnh,Tuấn,TRUE,10/4/1999 0:00,vmtuan@gmail.com,168146172,4.76E+11,0,CN
C0264,Vương Thị,Nhung,FALSE,9/3/1999 0:00,vtnhung@gmail.com,913534986,6.37E+11,3000000,CN
C0265,Trần Thị Thanh,Nga,FALSE,7/12/1999 0:00,tttnga@gmail.com,913246228,7.44E+11,3000000,CN
C0266,Khương Thanh,Thanh,TRUE,10/5/1999 0:00,ktthanh@gmail.com,913405469,7.28E+11,1000000,CN
C0267,Văn Thảo,Đào,FALSE,6/17/1999 0:00,vtdao@gmail.com,913841754,1.36E+11,0,CN
C0268,Cao Thanh,Phương,FALSE,1/10/1999 0:00,ctphuong@gmail.com,168347224,5.68E+11,1000000,CN
C0269,Văn Thị Thanh,Hoa,FALSE,10/26/1999 0:00,vtthoa@gmail.com,913387001,9.30E+11,2000000,CN
C0270,Phạm Văn Minh,Thiện,TRUE,12/28/1999 0:00,pvmthien@gmail.com,913789035,3.27E+11,0,CN
C0271,Cao Thị Thanh,Ly,FALSE,11/5/1999 0:00,cttly@gmail.com,913477333,1.08E+11,1000000,CN
C0272,Thái Nam,Dũng,TRUE,8/12/1999 0:00,tndung@gmail.com,913486853,7.01E+11,0,CN
C0273,Phạm Nam,Huy,TRUE,9/11/1999 0:00,pnhuy@gmail.com,987835875,5.54E+11,1000000,CN
C0274,Lâm Nam,Trọng,TRUE,10/13/1999 0:00,lntrong@gmail.com,987756143,4.67E+11,2000000,CN
C0275,Mã Minh,Thu,TRUE,2/12/1999 0:00,mmthu@gmail.com,987622479,6.75E+11,3000000,CN
C0276,Cao Thị Thảo,Hoa,FALSE,3/18/1999 0:00,ctthoa@gmail.com,913451087,2.35E+11,0,CN
C0277,Cao Thảo,Dung,FALSE,10/26/1999 0:00,ctdung@gmail.com,987544075,2.68E+11,1000000,CN
C0278,Mã Thị,Đào,FALSE,11/3/1999 0:00,mtdao@gmail.com,168284321,6.45E+11,1000000,CN
C0279,Khương Thị,Nga,FALSE,1/18/1999 0:00,ktnga@gmail.com,913426271,1.74E+11,1000000,CN
C0280,Lê Văn Minh,Mẫn,TRUE,12/20/1999 0:00,lvmman@gmail.com,913628639,6.87E+11,0,CN
C0281,Lê Thảo,Thúy,FALSE,6/21/1999 0:00,ltthuy@gmail.com,987663246,2.78E+11,1000000,CN
C0282,Khương Thị,Hương,FALSE,9/28/1999 0:00,kthuong@gmail.com,168329787,5.77E+11,1000000,CN
C0283,Lý Thị Thảo,Thúy,FALSE,1/3/1999 0:00,lttthuy@gmail.com,987834882,6.69E+11,3000000,CN
C0284,Mã Thị,Mai,FALSE,8/19/1999 0:00,mtmai@gmail.com,168645813,9.24E+11,3000000,CN
C0285,Cao Văn Minh,Kiệt,TRUE,4/6/1999 0:00,cvmkiet@gmail.com,987425958,5.66E+11,2000000,CN
C0286,Lâm Thanh,Ngọc,FALSE,8/20/1999 0:00,ltngoc@gmail.com,913745772,8.48E+11,3000000,CN
C0287,Lý Văn Minh,Bảo,TRUE,9/3/1999 0:00,lvmbao@gmail.com,987173323,8.65E+11,3000000,CN
C0288,Mã Phú,Tâm,FALSE,5/4/1999 0:00,mptam@gmail.com,987112375,7.49E+11,2000000,CN
C0289,Đặng Vĩnh,Sinh,TRUE,12/6/1999 0:00,dvsinh@gmail.com,913144178,4.74E+11,3000000,CN
C0290,Phạm Phú,Mỹ,TRUE,3/15/1999 0:00,ppmy@gmail.com,913723178,5.18E+11,0,CN
C0291,Lê Vĩnh,Thiệu,TRUE,12/21/1999 0:00,lvthieu@gmail.com,913631111,2.86E+11,3000000,CN
C0292,Phạm Thị Thảo,Thúy,FALSE,11/21/1999 0:00,pttthuy@gmail.com,913421218,6.59E+11,2000000,CN
C0293,Đàm Ngọc,Mỹ,FALSE,1/5/1999 0:00,dnmy@gmail.com,987240790,6.31E+11,0,CN
C0294,Phạm Nam,Bảo,TRUE,12/30/1999 0:00,pnbao@gmail.com,987586638,9.69E+11,1000000,CN
C0295,Lê Thị Thanh,Hạnh,FALSE,12/19/1999 0:00,ltthanh@gmail.com,987167840,7.66E+11,1000000,CN
C0296,Phạm Thảo,Nga,FALSE,7/16/1999 0:00,ptnga@gmail.com,987347124,6.08E+11,1000000,CN
C0297,Lý Vĩnh,Phong,TRUE,3/17/1999 0:00,lvphong@gmail.com,987478501,4.43E+11,1000000,CN
C0298,Hoàng Phú,Thanh,FALSE,12/17/1999 0:00,hpthanh@gmail.com,913241042,1.41E+11,3000000,CN
C0299,Đặng Văn,Thiện,TRUE,5/10/1999 0:00,dvthien@gmail.com,987417864,4.66E+11,3000000,CN
C0300,Vương Thanh,Mỹ,FALSE,4/1/1999 0:00,vtmy@gmail.com,913752447,1.77E+11,1000000,CN
C0301,Bạch Văn Minh,Bảo,TRUE,2/16/1999 0:00,bvmbao@gmail.com,168340188,5.67E+11,0,CN
C0302,Đặng Thị,Nhung,FALSE,2/3/1999 0:00,dtnhung@gmail.com,168434753,8.66E+11,0,CN
C0303,Đặng Văn Minh,Phong,TRUE,1/11/1999 0:00,dvmphong@gmail.com,168221742,3.22E+11,1000000,CN
C0304,Văn Phú,Thu,FALSE,3/19/1999 0:00,vpthu@gmail.com,987617367,4.31E+11,3000000,CN
C0305,Lê Ngọc,Ngân,FALSE,9/9/1999 0:00,lnngan@gmail.com,913120844,8.25E+11,0,CN
C0306,Lý Văn,Thiệu,TRUE,8/14/1999 0:00,lvthieu@gmail.com,987938967,1.67E+11,1000000,CN
C0307,Trần Phú,Ngân,TRUE,7/13/1999 0:00,tpngan@gmail.com,987660853,5.50E+11,2000000,CN
C0308,Phạm Văn,Vỹ,TRUE,7/10/1999 0:00,pvvy@gmail.com,913574585,8.21E+11,2000000,CN
C0309,Vương Thị Thanh,Thúy,FALSE,2/17/1999 0:00,vttthuy@gmail.com,987328783,6.84E+11,1000000,CN
C0310,Lý Mạnh,Hòa,TRUE,9/28/1999 0:00,lmhoa@gmail.com,168268448,7.04E+11,1000000,CN
C0311,Lý Vĩnh,Bảo,TRUE,6/9/1999 0:00,lvbao@gmail.com,913383664,7.93E+11,0,CN
C0312,Phạm Thị Thanh,Nga,FALSE,5/9/1999 0:00,pttnga@gmail.com,987723351,2.31E+11,0,CN
C0313,Phạm Văn Minh,Tân,TRUE,5/15/1999 0:00,pvmtan@gmail.com,987074511,2.26E+11,3000000,CN
C0314,Lý Văn Minh,Thiện,TRUE,3/18/1999 0:00,lvmthien@gmail.com,987512695,3.94E+11,1000000,CN
C0315,Phạm Mạnh,Trọng,TRUE,6/5/1999 0:00,pmtrong@gmail.com,913823544,7.37E+11,0,CN
C0316,Lê Nam,Phong,TRUE,12/6/1999 0:00,lnphong@gmail.com,913225878,1.42E+11,2000000,CN
C0317,Hoàng Văn,Thăng,TRUE,4/8/1999 0:00,hvthang@gmail.com,987202080,4.85E+11,2000000,CN
C0318,Lê Nam,Tuấn,TRUE,7/19/1999 0:00,lntuan@gmail.com,987833368,2.26E+11,2000000,CN
C0319,Đàm Vĩnh,Sang,TRUE,6/28/1999 0:00,dvsang@gmail.com,168574152,8.30E+11,3000000,CN
C0320,Bạch Vĩnh,Tân,TRUE,6/27/1999 0:00,bvtan@gmail.com,168757418,3.91E+11,1000000,CN
C0321,Trần Văn,Bảo,TRUE,4/28/1999 0:00,tvbao@gmail.com,168814266,2.16E+11,2000000,CN
C0322,Đàm Minh,Ngọc,TRUE,6/4/1999 0:00,dmngoc@gmail.com,987502479,7.25E+11,3000000,CN
C0323,Lý Thảo,Thúy,FALSE,3/14/1999 0:00,ltthuy@gmail.com,913254961,2.62E+11,2000000,CN
C0324,Vương Thảo,Nhung,FALSE,9/6/1999 0:00,vtnhung@gmail.com,913463385,2.63E+11,2000000,CN
C0325,Đàm Văn Minh,Bảo,TRUE,3/5/1999 0:00,dvmbao@gmail.com,913163855,3.05E+11,3000000,CN
C0326,Mã Thị Thảo,Lan,FALSE,11/29/1999 0:00,mttlan@gmail.com,987165336,5.15E+11,2000000,CN
C0327,Cao Thị Thảo,Nga,FALSE,10/10/1999 0:00,cttnga@gmail.com,913106245,3.04E+11,2000000,CN
C0328,Mã Thảo,Lan,FALSE,9/17/1999 0:00,mtlan@gmail.com,987660266,3.86E+11,0,CN
C0329,Cao Mạnh,Sang,TRUE,10/29/1999 0:00,cmsang@gmail.com,987453151,4.58E+11,0,CN
C0330,Đặng Văn,Mẫn,TRUE,5/15/1999 0:00,dvman@gmail.com,168767430,3.25E+11,3000000,CN
C0331,Đinh Nam,Vỹ,TRUE,3/28/1999 0:00,dnvy@gmail.com,913647328,8.27E+11,0,CN
C0332,Cao Ngọc,Tâm,TRUE,4/17/1999 0:00,cntam@gmail.com,913476743,2.36E+11,3000000,CN
C0333,Mã Thị Thanh,Hoa,FALSE,10/23/1999 0:00,mtthoa@gmail.com,913516276,8.94E+11,1000000,CN
C0334,Trần Thị Thanh,Hạnh,FALSE,7/30/1999 0:00,ttthanh@gmail.com,913740286,4.85E+11,2000000,CN
C0335,Trần Văn,Bảo,TRUE,5/30/1999 0:00,tvbao@gmail.com,987666472,2.57E+11,2000000,CN
C0336,Lý Ngọc,Ngọc,FALSE,3/28/1999 0:00,lnngoc@gmail.com,987287122,6.09E+11,1000000,CN
C0337,Mã Ngọc,Ngọc,TRUE,3/28/1999 0:00,mnngoc@gmail.com,913966654,8.13E+11,1000000,CN
C0338,Lê Mạnh,Tuấn,TRUE,7/24/1999 0:00,lmtuan@gmail.com,913242580,6.65E+11,2000000,CN
C0339,Đặng Mạnh,Trọng,TRUE,1/6/1999 0:00,dmtrong@gmail.com,168751034,3.37E+11,3000000,CN
C0340,Mã Minh,Ngọc,TRUE,1/2/1999 0:00,mmngoc@gmail.com,168217253,1.74E+11,2000000,CN
C0341,Hoàng Văn Minh,Thiệu,TRUE,1/30/1999 0:00,hvmthieu@gmail.com,168337178,8.06E+11,3000000,CN
C0342,Lâm Bạch,Thu,FALSE,3/22/1999 0:00,lbthu@gmail.com,913615992,9.71E+11,3000000,CN
C0343,Lê Minh,Mỹ,TRUE,5/30/1999 0:00,lmmy@gmail.com,987757975,3.23E+11,2000000,CN
C0344,Khương Nam,Trọng,TRUE,8/28/1999 0:00,kntrong@gmail.com,913311163,1.54E+11,2000000,CN
C0345,Lê Thanh,Phương,FALSE,10/24/1999 0:00,ltphuong@gmail.com,913068695,4.33E+11,2000000,CN
C0346,Lê Mạnh,Trọng,TRUE,10/11/1999 0:00,lmtrong@gmail.com,168916456,8.93E+11,3000000,CN
C0347,Cao Vĩnh,Thăng,TRUE,4/3/1999 0:00,cvthang@gmail.com,987585795,8.46E+11,1000000,CN
C0348,Hoàng Văn,Thăng,TRUE,7/11/1999 0:00,hvthang@gmail.com,913382336,3.82E+11,0,CN
C0349,Bạch Văn Minh,Trọng,TRUE,11/20/1999 0:00,bvmtrong@gmail.com,168553907,4.16E+11,1000000,CN
C0350,Lý Nam,Thiệu,TRUE,6/30/1999 0:00,lnthieu@gmail.com,168768752,1.69E+11,0,CN
C0351,Lý Minh,Ngọc,FALSE,8/22/1999 0:00,lmngoc@gmail.com,987245552,4.43E+11,0,CN
C0352,Khương Vĩnh,Sang,TRUE,9/9/1999 0:00,kvsang@gmail.com,987133222,5.62E+11,0,CN
C0353,Nguyễn Thị Thanh,Mai,FALSE,2/2/1999 0:00,nttmai@gmail.com,913146727,5.30E+11,3000000,CN
C0354,Bạch Văn Minh,Vỹ,TRUE,8/17/1999 0:00,bvmvy@gmail.com,913307826,3.29E+11,3000000,CN
C0355,Văn Thị,Mai,FALSE,11/10/1999 0:00,vtmai@gmail.com,987327541,8.55E+11,0,CN
C0356,Phạm Vĩnh,Thăng,TRUE,5/10/1999 0:00,pvthang@gmail.com,913519421,5.53E+11,0,CN
C0357,Lê Thị,Hoa,FALSE,8/24/1999 0:00,lthoa@gmail.com,168168028,4.07E+11,3000000,CN
C0358,Cao Thị Thanh,Hạnh,FALSE,7/10/1999 0:00,ctthanh@gmail.com,913746759,6.55E+11,2000000,CN
C0359,Phạm Thị,Dung,FALSE,2/8/1999 0:00,ptdung@gmail.com,987589558,4.51E+11,1000000,CN
C0360,Lý Thảo,Trúc,FALSE,10/26/1999 0:00,lttruc@gmail.com,913675221,6.23E+11,2000000,CN
C0361,Cao Văn Minh,Bảo,TRUE,9/25/1999 0:00,cvmbao@gmail.com,913979117,2.53E+11,0,CN
C0362,Bạch Thảo,Đào,FALSE,12/3/1999 0:00,btdao@gmail.com,913650229,9.87E+11,0,CN
C0363,Thái Thị Thanh,Nhung,FALSE,3/4/1999 0:00,tttnhung@gmail.com,987134595,7.68E+11,3000000,CN
C0364,Hoàng Bạch,Thanh,FALSE,9/19/1999 0:00,hbthanh@gmail.com,168382637,6.01E+11,1000000,CN
C0365,Đàm Thảo,Hoa,FALSE,1/26/1999 0:00,dthoa@gmail.com,987787693,4.40E+11,2000000,CN
C0366,Hoàng Mạnh,Dũng,TRUE,1/3/1999 0:00,hmdung@gmail.com,913740520,6.61E+11,2000000,CN
C0367,Mã Thảo,Đào,FALSE,8/13/1999 0:00,mtdao@gmail.com,987752185,3.26E+11,2000000,CN
C0368,Hoàng Minh,Phương,TRUE,4/19/1999 0:00,hmphuong@gmail.com,913851747,11899180155,1000000,CN
C0369,Đinh Minh,Ngọc,TRUE,3/12/1999 0:00,dmngoc@gmail.com,913372711,3.23E+11,1000000,CN
C0370,Đinh Vĩnh,Hiệu,TRUE,2/16/1999 0:00,dvhieu@gmail.com,913458858,4.67E+11,0,CN
C0371,Đặng Vĩnh,Phong,TRUE,11/15/1999 0:00,dvphong@gmail.com,913025122,6.77E+11,1000000,CN
C0372,Phạm Văn,Phong,TRUE,10/8/1999 0:00,pvphong@gmail.com,168302791,7.67E+11,3000000,CN
C0373,Lê Nam,Thăng,TRUE,3/3/1999 0:00,lnthang@gmail.com,987431127,3.84E+11,3000000,CN
C0374,Cao Ngọc,Tâm,FALSE,5/25/1999 0:00,cntam@gmail.com,913022063,9.55E+11,2000000,CN
C0375,Vương Thanh,Mỹ,FALSE,7/27/1999 0:00,vtmy@gmail.com,913883144,4.06E+11,2000000,CN
C0376,Đặng Thị,Đào,FALSE,9/3/1999 0:00,dtdao@gmail.com,913320945,4.08E+11,2000000,CN
C0377,Đặng Nam,Phong,TRUE,6/4/1999 0:00,dnphong@gmail.com,168124384,8.56E+11,0,CN
C0378,Lê Mạnh,Lộc,TRUE,12/14/1999 0:00,lmloc@gmail.com,987258175,6.13E+11,2000000,CN
C0379,Lê Thanh,Thanh,TRUE,3/6/1999 0:00,ltthanh@gmail.com,168860848,90353155495,1000000,CN
C0380,Phạm Thảo,Đào,FALSE,10/21/1999 0:00,ptdao@gmail.com,168946061,1.65E+11,1000000,CN
C0381,Phạm Thanh,Thu,TRUE,4/3/1999 0:00,ptthu@gmail.com,987638743,2.87E+11,3000000,CN
C0382,Cao Văn,Sang,TRUE,7/1/1999 0:00,cvsang@gmail.com,987723185,1.34E+11,1000000,CN
C0383,Phạm Vĩnh,Mẫn,TRUE,8/19/1999 0:00,pvman@gmail.com,168358355,8.98E+11,1000000,CN
C0384,Bạch Văn Minh,Thiện,TRUE,9/16/1999 0:00,bvmthien@gmail.com,987573143,7.81E+11,2000000,CN
C0385,Văn Minh,Phương,TRUE,6/4/1999 0:00,vmphuong@gmail.com,987447780,6.35E+11,3000000,CN
C0386,Lý Văn,Sinh,TRUE,5/16/1999 0:00,lvsinh@gmail.com,168784496,2.13E+11,1000000,CN
C0387,Lê Bạch,Ngân,FALSE,4/29/1999 0:00,lbngan@gmail.com,913158437,6.47E+11,0,CN
C0388,Đàm Phương,Phương,TRUE,5/16/1999 0:00,dpphuong@gmail.com,913576289,3.30E+11,1000000,CN
C0389,Đặng Văn Minh,Sinh,TRUE,10/14/1999 0:00,dvmsinh@gmail.com,913972195,7.15E+11,3000000,CN
C0390,Đàm Văn Minh,Tuấn,TRUE,1/11/1999 0:00,dvmtuan@gmail.com,913646716,1.65E+11,1000000,CN
C0391,Phạm Minh,Minh,FALSE,8/5/1999 0:00,pmminh@gmail.com,987864567,7.92E+11,0,CN
C0392,Bạch Thị Thảo,Hương,FALSE,5/13/1999 0:00,btthuong@gmail.com,987661544,8.81E+11,2000000,CN
C0393,Thái Thanh,Ngân,TRUE,4/21/1999 0:00,ttngan@gmail.com,168964124,7.72E+11,2000000,CN
C0394,Phạm Mạnh,Hòa,TRUE,7/16/1999 0:00,pmhoa@gmail.com,913776626,5.19E+11,2000000,CN
C0395,Lý Nam,Sang,TRUE,1/20/1999 0:00,lnsang@gmail.com,987787611,2.04E+11,0,CN
C0396,Thái Văn Minh,Vỹ,TRUE,2/9/1999 0:00,tvmvy@gmail.com,987422401,8.70E+11,2000000,CN
C0397,Lý Ngọc,Mỹ,FALSE,10/4/1999 0:00,lnmy@gmail.com,168217858,1.53E+11,1000000,CN
C0398,Lê Thị Thảo,Hương,FALSE,3/26/1999 0:00,ltthuong@gmail.com,987130461,2.65E+11,0,CN
C0399,Thái Nam,Dũng,TRUE,6/7/1999 0:00,tndung@gmail.com,168469465,4.68E+11,0,CN
C0400,Văn Vĩnh,Hòa,TRUE,11/4/1999 0:00,vvhoa@gmail.com,168314165,7.46E+11,1000000,CN
C0401,Bạch Bạch,Mỹ,TRUE,12/14/1999 0:00,bbmy@gmail.com,913696887,9.66E+11,2000000,CN
C0402,Đàm Văn Minh,Thiệu,TRUE,6/25/1999 0:00,dvmthieu@gmail.com,168547454,2.69E+11,0,CN
C0403,Phạm Văn,Thiện,TRUE,6/17/1999 0:00,pvthien@gmail.com,168528593,4.96E+11,3000000,CN
C0404,Mã Phú,Ngân,TRUE,7/15/1999 0:00,mpngan@gmail.com,913437123,6.65E+11,1000000,CN
C0405,Trần Văn,Thiện,TRUE,6/4/1999 0:00,tvthien@gmail.com,168147443,4.20E+11,0,CN
C0406,Lý Văn Minh,Hòa,TRUE,8/13/1999 0:00,lvmhoa@gmail.com,913927862,3.45E+11,1000000,CN
C0407,Văn Thảo,Nga,FALSE,11/12/1999 0:00,vtnga@gmail.com,913605725,7.28E+11,0,CN
C0408,Bạch Văn Minh,Huy,TRUE,10/31/1999 0:00,bvmhuy@gmail.com,913155223,7.48E+11,0,CN
C0409,Lê Thảo,Đào,FALSE,12/24/1999 0:00,ltdao@gmail.com,987823857,9.60E+11,3000000,CN
C0410,Bạch Vĩnh,Hòa,TRUE,7/12/1999 0:00,bvhoa@gmail.com,168042708,4.25E+11,0,CN
C0411,Nguyễn Thảo,Loan,FALSE,4/15/1999 0:00,ntloan@gmail.com,987313288,9.04E+11,0,CN
C0412,Nguyễn Nam,Thiệu,TRUE,4/17/1999 0:00,nnthieu@gmail.com,913855537,8.15E+11,2000000,CN
C0413,Đặng Thị,Hương,FALSE,5/6/1999 0:00,dthuong@gmail.com,168239351,7.23E+11,3000000,CN
C0414,Hoàng Văn Minh,Huy,TRUE,5/30/1999 0:00,hvmhuy@gmail.com,913801080,6.23E+11,0,CN
C0415,Lâm Thảo,Đào,FALSE,7/29/1999 0:00,ltdao@gmail.com,987853510,5.26E+11,3000000,CN
C0416,Nguyễn Vĩnh,Mẫn,TRUE,11/27/1999 0:00,nvman@gmail.com,168473575,3.78E+11,3000000,CN
C0417,Phạm Bạch,Thanh,FALSE,11/4/1999 0:00,pbthanh@gmail.com,913287358,1.25E+11,2000000,CN
C0418,Văn Thảo,Đào,FALSE,3/28/1999 0:00,vtdao@gmail.com,913426348,8.79E+11,0,CN
C0419,Đàm Phú,Thu,FALSE,7/5/1999 0:00,dpthu@gmail.com,987548311,2.62E+11,2000000,CN
C0420,Lê Thanh,Ngọc,TRUE,5/17/1999 0:00,ltngoc@gmail.com,987762034,4.67E+11,0,CN
C0421,Lý Ngọc,Minh,TRUE,12/17/1999 0:00,lnminh@gmail.com,913190884,6.24E+11,0,CN
C0422,Đàm Thị Thanh,Đào,FALSE,9/22/1999 0:00,dttdao@gmail.com,987257288,3.74E+11,2000000,CN
C0423,Bạch Văn Minh,Huy,TRUE,6/16/1999 0:00,bvmhuy@gmail.com,913661354,4.05E+11,1000000,CN
C0424,Lê Minh,Ngân,FALSE,11/18/1999 0:00,lmngan@gmail.com,168866174,7.51E+11,2000000,CN
C0425,Phạm Nam,Mẫn,TRUE,2/25/1999 0:00,pnman@gmail.com,987754427,1.13E+11,1000000,CN
C0426,Hoàng Thị Thanh,Trúc,FALSE,8/13/1999 0:00,htttruc@gmail.com,913947364,4.75E+11,0,CN
C0427,Phạm Thị Thảo,Trúc,FALSE,3/30/1999 0:00,ptttruc@gmail.com,913376279,64797856644,1000000,CN
C0428,Đàm Thị,Đào,FALSE,4/6/1999 0:00,dtdao@gmail.com,987979211,1.38E+11,0,CN
C0429,Bạch Văn Minh,Sang,TRUE,2/19/1999 0:00,bvmsang@gmail.com,913085423,7.46E+11,3000000,CN
C0430,Trần Thị Thanh,Trúc,FALSE,1/29/1999 0:00,ttttruc@gmail.com,913652765,5.09E+11,3000000,CN
C0431,Đàm Vĩnh,Thiệu,TRUE,3/18/1999 0:00,dvthieu@gmail.com,913103188,7.63E+11,3000000,CN
C0432,Lâm Thị,Trúc,FALSE,10/20/1999 0:00,lttruc@gmail.com,913202668,9.20E+11,0,CN
C0433,Đàm Thị Thanh,Mai,FALSE,3/3/1999 0:00,dttmai@gmail.com,168815466,3.47E+11,3000000,CN
C0434,Đinh Vĩnh,Lộc,TRUE,3/5/1999 0:00,dvloc@gmail.com,168900815,4.31E+11,0,CN
C0435,Văn Vĩnh,Kiệt,TRUE,3/3/1999 0:00,vvkiet@gmail.com,987468614,8.53E+11,0,CN
C0436,Lâm Thị Thanh,Dung,FALSE,11/24/1999 0:00,lttdung@gmail.com,168753165,9.72E+11,2000000,CN
C0437,Cao Mạnh,Tuấn,TRUE,9/6/1999 0:00,cmtuan@gmail.com,168199643,2.68E+11,3000000,CN
C0438,Trần Thảo,Hương,FALSE,9/29/1999 0:00,tthuong@gmail.com,168586159,8.45E+11,3000000,CN
C0439,Đàm Thị,Lan,FALSE,8/22/1999 0:00,dtlan@gmail.com,987462616,4.58E+11,0,CN
C0440,Vương Mạnh,Sang,TRUE,3/21/1999 0:00,vmsang@gmail.com,987382669,4.73E+11,1000000,CN
C0441,Văn Thị Thanh,Hạnh,FALSE,6/7/1999 0:00,vtthanh@gmail.com,987633418,14224497717,3000000,CN
C0442,Văn Thị Thanh,Nga,FALSE,8/9/1999 0:00,vttnga@gmail.com,913516766,5.13E+11,2000000,CN
C0443,Lâm Văn Minh,Tuấn,TRUE,2/11/1999 0:00,lvmtuan@gmail.com,913653761,4.91E+11,1000000,CN
C0444,Đàm Nam,Tân,TRUE,3/12/1999 0:00,dntan@gmail.com,913229717,9.62E+11,0,CN
C0445,Đàm Ngọc,Thu,FALSE,9/18/1999 0:00,dnthu@gmail.com,987617437,1.06E+11,2000000,CN
C0446,Đàm Văn Minh,Sinh,TRUE,8/15/1999 0:00,dvmsinh@gmail.com,913068853,8.30E+11,2000000,CN
C0447,Đặng Thị,Nhung,FALSE,6/19/1999 0:00,dtnhung@gmail.com,987418689,7.23E+11,3000000,CN
C0448,Khương Thanh,Thu,FALSE,8/30/1999 0:00,ktthu@gmail.com,987783654,8.62E+11,0,CN
C0449,Bạch Mạnh,Bảo,TRUE,5/17/1999 0:00,bmbao@gmail.com,168987536,7.76E+11,2000000,CN
C0450,Trần Nam,Tuấn,TRUE,9/11/1999 0:00,tntuan@gmail.com,987677575,9.45E+11,2000000,CN
C0451,Văn Minh,Phương,TRUE,2/26/1999 0:00,vmphuong@gmail.com,987415478,6.16E+11,2000000,CN
C0452,Đàm Vĩnh,Vỹ,TRUE,8/9/1999 0:00,dvvy@gmail.com,987781530,1.01E+11,2000000,CN
C0453,Văn Thị Thanh,Mai,FALSE,7/21/1999 0:00,vttmai@gmail.com,168242635,4.89E+11,0,CN
C0454,Nguyễn Văn Minh,Kiệt,TRUE,9/13/1999 0:00,nvmkiet@gmail.com,987728382,2.80E+11,0,CN
C0455,Văn Thảo,Lan,FALSE,12/3/1999 0:00,vtlan@gmail.com,987725628,7.65E+11,0,CN
C0456,Nguyễn Thảo,Đào,FALSE,9/14/1999 0:00,ntdao@gmail.com,168614925,7.87E+11,3000000,CN
C0457,Bạch Thị Thanh,Hạnh,FALSE,5/10/1999 0:00,btthanh@gmail.com,168268210,6.46E+11,1000000,CN
C0458,Lâm Mạnh,Thăng,TRUE,11/13/1999 0:00,lmthang@gmail.com,987375785,8.75E+11,1000000,CN
C0459,Đinh Thị Thảo,Hương,FALSE,8/19/1999 0:00,dtthuong@gmail.com,913948612,51336097483,0,CN
C0460,Cao Vĩnh,Tuấn,TRUE,3/31/1999 0:00,cvtuan@gmail.com,913456061,78778843672,2000000,CN
C0461,Hoàng Thảo,Hạnh,FALSE,2/21/1999 0:00,hthanh@gmail.com,913989283,4.32E+11,3000000,CN
C0462,Lê Vĩnh,Tuấn,TRUE,12/12/1999 0:00,lvtuan@gmail.com,168420148,2.15E+11,2000000,CN
C0463,Đinh Thị,Ly,FALSE,5/14/1999 0:00,dtly@gmail.com,913505963,4.54E+11,1000000,CN
C0464,Lâm Văn Minh,Sang,TRUE,8/2/1999 0:00,lvmsang@gmail.com,987685851,1.30E+11,2000000,CN
C0465,Khương Nam,Bảo,TRUE,2/19/1999 0:00,knbao@gmail.com,168606265,5.55E+11,0,CN
C0466,Lâm Thảo,Hoa,FALSE,4/18/1999 0:00,lthoa@gmail.com,913611845,1.29E+11,3000000,CN
C0467,Nguyễn Thị Thanh,Trúc,FALSE,3/21/1999 0:00,ntttruc@gmail.com,987829163,2.88E+11,1000000,CN
C0468,Vương Thanh,Ngân,TRUE,5/23/1999 0:00,vtngan@gmail.com,168486655,9.31E+11,2000000,CN
C0469,Phạm Vĩnh,Hòa,TRUE,11/8/1999 0:00,pvhoa@gmail.com,168444562,9.82E+11,2000000,CN
C0470,Đàm Văn Minh,Thiệu,TRUE,7/19/1999 0:00,dvmthieu@gmail.com,987629645,1.44E+11,0,CN
C0471,Mã Thảo,Mai,FALSE,7/3/1999 0:00,mtmai@gmail.com,168192483,2.11E+11,1000000,CN
C0472,Khương Nam,Bảo,TRUE,8/13/1999 0:00,knbao@gmail.com,913566872,6.55E+11,3000000,CN
C0473,Đặng Thảo,Nhung,FALSE,3/18/1999 0:00,dtnhung@gmail.com,168516133,8.12E+11,2000000,CN
C0474,Đinh Thị,Nga,FALSE,2/14/1999 0:00,dtnga@gmail.com,913398132,1.36E+11,1000000,CN
C0475,Mã Văn,Hòa,TRUE,12/10/1999 0:00,mvhoa@gmail.com,913162645,5.09E+11,2000000,CN
C0476,Cao Thị Thảo,Trang,FALSE,1/4/1999 0:00,ctttrang@gmail.com,168459256,8.79E+11,3000000,CN
C0477,Trần Thanh,Thu,FALSE,11/15/1999 0:00,ttthu@gmail.com,913092974,7.75E+11,0,CN
C0478,Đinh Thị Thảo,Thúy,FALSE,1/4/1999 0:00,dttthuy@gmail.com,987720318,8.94E+11,2000000,CN
C0479,Cao Thảo,Nga,FALSE,1/10/1999 0:00,ctnga@gmail.com,913184297,9.04E+11,1000000,CN
C0480,Văn Văn,Lộc,TRUE,5/27/1999 0:00,vvloc@gmail.com,987869452,6.49E+11,3000000,CN
C0481,Bạch Minh,Thu,FALSE,2/24/1999 0:00,bmthu@gmail.com,987736019,7.26E+11,3000000,CN
C0482,Khương Văn Minh,Tuấn,TRUE,9/19/1999 0:00,kvmtuan@gmail.com,987636799,3.57E+11,0,CN
C0483,Lý Vĩnh,Thiệu,TRUE,6/21/1999 0:00,lvthieu@gmail.com,913453657,4.33E+11,0,CN
C0484,Trần Vĩnh,Trọng,TRUE,2/17/1999 0:00,tvtrong@gmail.com,987976142,7.04E+11,0,CN
C0485,Đặng Nam,Hòa,TRUE,11/5/1999 0:00,dnhoa@gmail.com,987487462,2.24E+11,2000000,CN
C0486,Mã Thị Thanh,Hương,FALSE,8/29/1999 0:00,mtthuong@gmail.com,987572666,8.77E+11,1000000,CN
C0487,Vương Văn Minh,Trọng,TRUE,2/28/1999 0:00,vvmtrong@gmail.com,168761868,3.57E+11,0,CN
C0488,Nguyễn Bạch,Thanh,FALSE,6/13/1999 0:00,nbthanh@gmail.com,913921331,7.70E+11,0,CN
C0489,Phạm Văn Minh,Thiện,TRUE,5/21/1999 0:00,pvmthien@gmail.com,168648235,7.58E+11,0,CN
C0490,Phạm Minh,Thu,FALSE,10/7/1999 0:00,pmthu@gmail.com,987774343,8.85E+11,1000000,CN
C0491,Đàm Phương,Ngọc,FALSE,12/11/1999 0:00,dpngoc@gmail.com,168945461,8.24E+11,0,CN
C0492,Bạch Văn,Trọng,TRUE,6/18/1999 0:00,bvtrong@gmail.com,913251389,6.25E+11,0,CN
C0493,Đinh Phú,Mỹ,FALSE,2/6/1999 0:00,dpmy@gmail.com,987696469,5.74E+11,3000000,CN
C0494,Cao Nam,Hòa,TRUE,7/11/1999 0:00,cnhoa@gmail.com,913210583,7.47E+11,1000000,CN
C0495,Khương Văn,Thăng,TRUE,4/26/1999 0:00,kvthang@gmail.com,168372401,8.38E+11,0,CN
C0496,Đàm Thanh,Mỹ,FALSE,11/7/1999 0:00,dtmy@gmail.com,987158102,45330756410,0,CN
C0497,Đàm Bạch,Thanh,FALSE,9/26/1999 0:00,dbthanh@gmail.com,913476530,9.20E+11,1000000,CN
C0498,Lê Thảo,Thúy,FALSE,9/9/1999 0:00,ltthuy@gmail.com,987282354,7.23E+11,1000000,CN
C0499,Trần Thảo,Thúy,FALSE,1/16/1999 0:00,ttthuy@gmail.com,168146516,1.81E+11,0,CN
C0500,Cao Văn,Bảo,TRUE,11/14/1999 0:00,cvbao@gmail.com,987580257,1.01E+11,1000000,CN
T0501,Đàm Thị Thanh,Loan,FALSE,8/31/1999 0:00,dttloan@gmail.com,168817583,1.44E+11,2000000,TO
T0502,Bạch Thảo,Mai,FALSE,1/23/1999 0:00,btmai@gmail.com,168257067,9.56E+11,2000000,TO
T0503,Đinh Nam,Mẫn,TRUE,3/5/1999 0:00,dnman@gmail.com,987997679,9.68E+11,1000000,TO
T0504,Đặng Thị Thanh,Lan,FALSE,2/22/1999 0:00,dttlan@gmail.com,168555118,8.03E+11,3000000,TO
T0505,Lý Thảo,Ly,FALSE,2/8/1999 0:00,ltly@gmail.com,913084722,4.52E+11,1000000,TO
T0506,Cao Minh,Thanh,TRUE,7/7/1999 0:00,cmthanh@gmail.com,168770732,25320185228,2000000,TO
T0507,Cao Minh,Thu,FALSE,5/4/1999 0:00,cmthu@gmail.com,913423285,5.57E+11,0,TO
T0508,Trần Thị Thảo,Nhung,FALSE,11/10/1999 0:00,tttnhung@gmail.com,987228466,9.89E+11,1000000,TO
T0509,Văn Phú,Minh,TRUE,2/26/1999 0:00,vpminh@gmail.com,987582078,4.98E+11,0,TO
T0510,Khương Vĩnh,Dũng,TRUE,4/17/1999 0:00,kvdung@gmail.com,913681898,7.74E+11,0,TO
T0511,Đàm Nam,Mẫn,TRUE,3/13/1999 0:00,dnman@gmail.com,913914034,5.22E+11,2000000,TO
T0512,Đàm Vĩnh,Huy,TRUE,3/18/1999 0:00,dvhuy@gmail.com,987023222,1.41E+11,0,TO
T0513,Thái Văn Minh,Kiệt,TRUE,4/19/1999 0:00,tvmkiet@gmail.com,913922643,7.54E+11,3000000,TO
T0514,Lâm Vĩnh,Hiệu,TRUE,4/7/1999 0:00,lvhieu@gmail.com,987225364,8.51E+11,1000000,TO
T0515,Cao Ngọc,Thu,TRUE,9/20/1999 0:00,cnthu@gmail.com,987545814,3.03E+11,1000000,TO
T0516,Hoàng Nam,Thiện,TRUE,10/12/1999 0:00,hnthien@gmail.com,168302457,3.83E+11,3000000,TO
T0517,Thái Bạch,Phương,TRUE,10/13/1999 0:00,tbphuong@gmail.com,913417512,1.64E+11,1000000,TO
T0518,Trần Thị,Trúc,FALSE,6/15/1999 0:00,tttruc@gmail.com,168547593,2.32E+11,2000000,TO
T0519,Cao Thị Thanh,Nhung,FALSE,5/17/1999 0:00,cttnhung@gmail.com,987576384,7.54E+11,1000000,TO
T0520,Bạch Văn Minh,Lộc,TRUE,9/19/1999 0:00,bvmloc@gmail.com,913772353,5.47E+11,0,TO
T0521,Nguyễn Vĩnh,Vỹ,TRUE,1/25/1999 0:00,nvvy@gmail.com,987266237,8.25E+11,2000000,TO
T0522,Văn Thảo,Dung,FALSE,3/14/1999 0:00,vtdung@gmail.com,987078231,1.58E+11,3000000,TO
T0523,Đặng Văn,Vỹ,TRUE,10/5/1999 0:00,dvvy@gmail.com,987288243,6.31E+11,1000000,TO
T0524,Lý Vĩnh,Mẫn,TRUE,11/28/1999 0:00,lvman@gmail.com,913586133,6.52E+11,3000000,TO
T0525,Nguyễn Thảo,Trang,FALSE,8/29/1999 0:00,nttrang@gmail.com,168618962,1.14E+11,3000000,TO
T0526,Thái Văn Minh,Sang,TRUE,8/5/1999 0:00,tvmsang@gmail.com,168962756,3.97E+11,0,TO
T0527,Hoàng Thị Thanh,Thúy,FALSE,12/22/1999 0:00,httthuy@gmail.com,168549942,6.33E+11,0,TO
T0528,Hoàng Thị Thanh,Lan,FALSE,8/30/1999 0:00,httlan@gmail.com,987414344,5.36E+11,2000000,TO
T0529,Khương Thị,Loan,FALSE,9/9/1999 0:00,ktloan@gmail.com,168146587,3.88E+11,3000000,TO
T0530,Đinh Văn Minh,Hòa,TRUE,2/15/1999 0:00,dvmhoa@gmail.com,168487701,1.49E+11,2000000,TO
T0531,Mã Vĩnh,Huy,TRUE,3/7/1999 0:00,mvhuy@gmail.com,987607736,51587944415,0,TO
T0532,Nguyễn Thị,Mai,FALSE,6/18/1999 0:00,ntmai@gmail.com,913681488,4.53E+11,3000000,TO
T0533,Lê Thanh,Ngọc,TRUE,9/6/1999 0:00,ltngoc@gmail.com,168285432,8.27E+11,0,TO
T0534,Đàm Phương,Phương,TRUE,7/26/1999 0:00,dpphuong@gmail.com,987479533,7.67E+11,2000000,TO
T0535,Lâm Mạnh,Phong,TRUE,5/12/1999 0:00,lmphong@gmail.com,987884664,2.33E+11,3000000,TO
T0536,Đinh Văn Minh,Vỹ,TRUE,3/19/1999 0:00,dvmvy@gmail.com,168267174,5.03E+11,0,TO
T0537,Văn Văn,Vỹ,TRUE,9/22/1999 0:00,vvvy@gmail.com,913735282,8.76E+11,2000000,TO
T0538,Hoàng Thị Thanh,Đào,FALSE,4/10/1999 0:00,httdao@gmail.com,913617178,5.52E+11,1000000,TO
T0539,Lâm Thị,Thúy,FALSE,7/22/1999 0:00,ltthuy@gmail.com,913357383,7.54E+11,2000000,TO
T0540,Bạch Thảo,Nga,FALSE,4/24/1999 0:00,btnga@gmail.com,913232679,8.18E+11,0,TO
T0541,Mã Thảo,Mai,FALSE,5/14/1999 0:00,mtmai@gmail.com,987573946,2.64E+11,1000000,TO
T0542,Mã Phú,Ngân,FALSE,7/29/1999 0:00,mpngan@gmail.com,913798897,8.88E+11,1000000,TO
T0543,Đàm Văn,Tân,TRUE,3/29/1999 0:00,dvtan@gmail.com,168267358,4.87E+11,3000000,TO
T0544,Đinh Văn,Sinh,TRUE,11/17/1999 0:00,dvsinh@gmail.com,987265108,1.66E+11,3000000,TO
T0545,Lâm Văn Minh,Huy,TRUE,3/30/1999 0:00,lvmhuy@gmail.com,987495674,7.39E+11,1000000,TO
T0546,Đinh Nam,Thiệu,TRUE,9/11/1999 0:00,dnthieu@gmail.com,913713166,4.48E+11,3000000,TO
T0547,Lâm Thanh,Mỹ,TRUE,11/18/1999 0:00,ltmy@gmail.com,987675667,1.54E+11,2000000,TO
T0548,Lý Thảo,Đào,FALSE,2/24/1999 0:00,ltdao@gmail.com,168087978,1.11E+11,0,TO
T0549,Thái Thị Thảo,Mai,FALSE,6/11/1999 0:00,tttmai@gmail.com,987377274,71827753561,2000000,TO
T0550,Văn Văn Minh,Thiệu,TRUE,6/12/1999 0:00,vvmthieu@gmail.com,987046545,3.45E+11,3000000,TO
T0551,Đinh Phương,Ngân,TRUE,6/2/1999 0:00,dpngan@gmail.com,913664848,6.12E+11,0,TO
T0552,Hoàng Nam,Phong,TRUE,7/18/1999 0:00,hnphong@gmail.com,168788880,8.41E+11,0,TO
T0553,Văn Thảo,Dung,FALSE,7/5/1999 0:00,vtdung@gmail.com,913726036,4.89E+11,1000000,TO
T0554,Khương Văn Minh,Lộc,TRUE,5/23/1999 0:00,kvmloc@gmail.com,913173424,5.38E+11,3000000,TO
T0555,Đinh Nam,Sinh,TRUE,12/8/1999 0:00,dnsinh@gmail.com,168726647,2.14E+11,0,TO
T0556,Lê Thị,Hoa,FALSE,6/8/1999 0:00,lthoa@gmail.com,168487668,6.02E+11,3000000,TO
T0557,Phạm Thị Thanh,Hoa,FALSE,7/18/1999 0:00,ptthoa@gmail.com,913171650,3.97E+11,1000000,TO
T0558,Đặng Bạch,Ngân,FALSE,2/16/1999 0:00,dbngan@gmail.com,168477235,8.99E+11,3000000,TO
T0559,Khương Nam,Vỹ,TRUE,4/4/1999 0:00,knvy@gmail.com,913436533,4.25E+11,1000000,TO
T0560,Lâm Minh,Thanh,FALSE,6/26/1999 0:00,lmthanh@gmail.com,987375257,3.52E+11,3000000,TO
T0561,Vương Vĩnh,Hòa,TRUE,11/30/1999 0:00,vvhoa@gmail.com,168222714,7.73E+11,3000000,TO
T0562,Văn Vĩnh,Vỹ,TRUE,9/28/1999 0:00,vvvy@gmail.com,168166450,7.57E+11,0,TO
T0563,Lê Thị,Nga,FALSE,8/26/1999 0:00,ltnga@gmail.com,168272278,4.22E+11,1000000,TO
T0564,Đặng Nam,Kiệt,TRUE,5/27/1999 0:00,dnkiet@gmail.com,168120061,5.17E+11,2000000,TO
T0565,Đinh Thị Thanh,Hoa,FALSE,8/16/1999 0:00,dtthoa@gmail.com,168249065,1.88E+11,1000000,TO
T0566,Trần Thị Thanh,Lan,FALSE,3/9/1999 0:00,tttlan@gmail.com,987594646,8.63E+11,3000000,TO
T0567,Bạch Minh,Phương,TRUE,1/2/1999 0:00,bmphuong@gmail.com,913557666,8.38E+11,0,TO
T0568,Vương Thị Thanh,Nga,FALSE,8/21/1999 0:00,vttnga@gmail.com,987406124,2.92E+11,3000000,TO
T0569,Mã Thanh,Phương,FALSE,10/17/1999 0:00,mtphuong@gmail.com,913008756,6.17E+11,0,TO
T0570,Cao Vĩnh,Thăng,TRUE,6/20/1999 0:00,cvthang@gmail.com,987225226,7.50E+11,0,TO
T0571,Bạch Thảo,Hoa,FALSE,5/27/1999 0:00,bthoa@gmail.com,168430535,8.88E+11,3000000,TO
T0572,Trần Thảo,Thúy,FALSE,11/3/1999 0:00,ttthuy@gmail.com,913252388,8.57E+11,0,TO
T0573,Lê Mạnh,Sang,TRUE,1/1/1999 0:00,lmsang@gmail.com,168676432,7.52E+11,1000000,TO
T0574,Cao Nam,Phong,TRUE,6/3/1999 0:00,cnphong@gmail.com,987701258,8.86E+11,3000000,TO
T0575,Lê Bạch,Ngân,FALSE,3/6/1999 0:00,lbngan@gmail.com,913459090,3.87E+11,0,TO
T0576,Mã Văn,Sinh,TRUE,10/30/1999 0:00,mvsinh@gmail.com,168192676,52018668818,1000000,TO
T0577,Thái Mạnh,Thiệu,TRUE,2/19/1999 0:00,tmthieu@gmail.com,168272208,1.31E+11,0,TO
T0578,Hoàng Mạnh,Hiệu,TRUE,9/16/1999 0:00,hmhieu@gmail.com,913198358,5.53E+11,3000000,TO
T0579,Đàm Thảo,Hoa,FALSE,3/18/1999 0:00,dthoa@gmail.com,168677981,2.73E+11,2000000,TO
T0580,Bạch Nam,Phong,TRUE,11/24/1999 0:00,bnphong@gmail.com,913654072,43893703782,0,TO
T0581,Khương Mạnh,Huy,TRUE,7/8/1999 0:00,kmhuy@gmail.com,168888487,1.94E+11,2000000,TO
T0582,Nguyễn Nam,Tuấn,TRUE,6/10/1999 0:00,nntuan@gmail.com,987962122,2.66E+11,0,TO
T0583,Văn Vĩnh,Sang,TRUE,11/7/1999 0:00,vvsang@gmail.com,987115782,4.26E+11,2000000,TO
T0584,Đàm Bạch,Ngân,TRUE,4/28/1999 0:00,dbngan@gmail.com,168535534,1.66E+11,0,TO
T0585,Nguyễn Thị Thanh,Nhung,FALSE,3/24/1999 0:00,nttnhung@gmail.com,168193305,7.71E+11,0,TO
T0586,Lê Thị Thảo,Thúy,FALSE,2/5/1999 0:00,lttthuy@gmail.com,168265845,35689678415,0,TO
T0587,Lê Minh,Ngân,FALSE,2/3/1999 0:00,lmngan@gmail.com,168474368,5.14E+11,3000000,TO
T0588,Đặng Thảo,Ly,FALSE,7/24/1999 0:00,dtly@gmail.com,168874529,7.42E+11,3000000,TO
T0589,Bạch Thị Thanh,Đào,FALSE,7/19/1999 0:00,bttdao@gmail.com,987564571,5.92E+11,2000000,TO
T0590,Cao Thị,Hoa,FALSE,6/8/1999 0:00,cthoa@gmail.com,913136413,4.62E+11,0,TO
T0591,Đàm Văn Minh,Dũng,TRUE,5/27/1999 0:00,dvmdung@gmail.com,168752819,9.94E+11,3000000,TO
T0592,Đặng Thảo,Nhung,FALSE,10/14/1999 0:00,dtnhung@gmail.com,913156960,83731476896,2000000,TO
T0593,Mã Phú,Thanh,TRUE,11/22/1999 0:00,mpthanh@gmail.com,168353686,4.55E+11,0,TO
T0594,Nguyễn Minh,Ngọc,FALSE,7/15/1999 0:00,nmngoc@gmail.com,168363851,27434159665,1000000,TO
T0595,Đinh Thảo,Hương,FALSE,9/27/1999 0:00,dthuong@gmail.com,987053486,1.30E+11,2000000,TO
T0596,Đinh Nam,Bảo,TRUE,5/15/1999 0:00,dnbao@gmail.com,913360168,8.18E+11,0,TO
T0597,Đàm Minh,Ngân,FALSE,2/3/1999 0:00,dmngan@gmail.com,168247311,49128886461,0,TO
T0598,Lý Thị Thảo,Loan,FALSE,5/29/1999 0:00,lttloan@gmail.com,913171613,4.21E+11,0,TO
T0599,Hoàng Vĩnh,Phong,TRUE,7/9/1999 0:00,hvphong@gmail.com,987234326,7.33E+11,0,TO
T0600,Đinh Vĩnh,Lộc,TRUE,11/22/1999 0:00,dvloc@gmail.com,168002778,4.13E+11,2000000,TO
V0601,Văn Phú,Thu,TRUE,7/3/1999 0:00,vpthu@gmail.com,168777791,58182344785,1000000,VL
V0602,Khương Thị Thanh,Thúy,FALSE,6/3/1999 0:00,kttthuy@gmail.com,168682471,6.90E+11,3000000,VL
V0603,Đinh Thảo,Nhung,FALSE,3/19/1999 0:00,dtnhung@gmail.com,987842567,5.39E+11,3000000,VL
V0604,Văn Thị,Loan,FALSE,8/18/1999 0:00,vtloan@gmail.com,168551652,3.79E+11,2000000,VL
V0605,Lê Minh,Tâm,TRUE,7/14/1999 0:00,lmtam@gmail.com,987838753,4.83E+11,3000000,VL
V0606,Mã Nam,Thiệu,TRUE,6/15/1999 0:00,mnthieu@gmail.com,913378668,3.55E+11,0,VL
V0607,Cao Phú,Phương,FALSE,11/26/1999 0:00,cpphuong@gmail.com,987519816,4.59E+11,2000000,VL
V0608,Khương Thị,Hương,FALSE,12/5/1999 0:00,kthuong@gmail.com,987225836,2.02E+11,3000000,VL
V0609,Bạch Phú,Thu,FALSE,6/7/1999 0:00,bpthu@gmail.com,168937401,7.42E+11,3000000,VL
V0610,Lê Vĩnh,Thăng,TRUE,7/21/1999 0:00,lvthang@gmail.com,168377187,6.38E+11,1000000,VL
V0611,Khương Văn Minh,Tuấn,TRUE,7/26/1999 0:00,kvmtuan@gmail.com,987477368,1.54E+11,2000000,VL
V0612,Thái Phương,Minh,TRUE,6/22/1999 0:00,tpminh@gmail.com,913574615,4.19E+11,3000000,VL
V0613,Mã Thị Thanh,Nhung,FALSE,7/29/1999 0:00,mttnhung@gmail.com,913178360,7.88E+11,0,VL
V0614,Hoàng Nam,Mẫn,TRUE,5/14/1999 0:00,hnman@gmail.com,987181087,1.04E+11,3000000,VL
V0615,Mã Thanh,Minh,TRUE,7/3/1999 0:00,mtminh@gmail.com,913778835,9.54E+11,1000000,VL
V0616,Đàm Thị Thảo,Đào,FALSE,8/9/1999 0:00,dttdao@gmail.com,168371006,9.28E+11,0,VL
V0617,Lý Vĩnh,Trọng,TRUE,10/29/1999 0:00,lvtrong@gmail.com,987558845,3.39E+11,2000000,VL
V0618,Vương Mạnh,Huy,TRUE,11/13/1999 0:00,vmhuy@gmail.com,987366723,1.40E+11,0,VL
V0619,Phạm Minh,Minh,TRUE,5/20/1999 0:00,pmminh@gmail.com,168664518,7.42E+11,1000000,VL
V0620,Lê Mạnh,Bảo,TRUE,2/24/1999 0:00,lmbao@gmail.com,987962869,75196777933,1000000,VL
V0621,Vương Thị Thanh,Thúy,FALSE,8/12/1999 0:00,vttthuy@gmail.com,987668123,7.53E+11,1000000,VL
V0622,Vương Vĩnh,Thiện,TRUE,9/4/1999 0:00,vvthien@gmail.com,987015083,9.49E+11,2000000,VL
V0623,Đàm Minh,Ngọc,FALSE,7/28/1999 0:00,dmngoc@gmail.com,168635234,3.28E+11,0,VL
V0624,Bạch Phú,Phương,TRUE,7/14/1999 0:00,bpphuong@gmail.com,987594847,19943867210,2000000,VL
V0625,Phạm Văn Minh,Bảo,TRUE,4/28/1999 0:00,pvmbao@gmail.com,168901116,5.37E+11,2000000,VL
V0626,Lý Nam,Lộc,TRUE,6/8/1999 0:00,lnloc@gmail.com,913906165,3.02E+11,3000000,VL
V0627,Thái Thảo,Mai,FALSE,8/15/1999 0:00,ttmai@gmail.com,987602755,4.83E+11,3000000,VL
V0628,Khương Vĩnh,Dũng,TRUE,6/27/1999 0:00,kvdung@gmail.com,913567525,11242895119,0,VL
V0629,Lý Nam,Thăng,TRUE,5/30/1999 0:00,lnthang@gmail.com,168856288,1.80E+11,2000000,VL
V0630,Khương Minh,Mỹ,TRUE,1/17/1999 0:00,kmmy@gmail.com,987286777,3.88E+11,2000000,VL
V0631,Lâm Bạch,Thanh,TRUE,9/4/1999 0:00,lbthanh@gmail.com,913188116,1.53E+11,1000000,VL
V0632,Đinh Mạnh,Hòa,TRUE,10/12/1999 0:00,dmhoa@gmail.com,168636666,1.19E+11,3000000,VL
V0633,Lý Văn Minh,Tân,TRUE,2/23/1999 0:00,lvmtan@gmail.com,987393548,1.82E+11,3000000,VL
V0634,Đặng Ngọc,Ngân,TRUE,8/7/1999 0:00,dnngan@gmail.com,168326271,8.25E+11,3000000,VL
V0635,Văn Văn,Huy,TRUE,12/4/1999 0:00,vvhuy@gmail.com,168634644,4.92E+11,0,VL
V0636,Đặng Thảo,Nhung,FALSE,5/5/1999 0:00,dtnhung@gmail.com,913314204,7.59E+11,3000000,VL
V0637,Lê Văn Minh,Phong,TRUE,10/6/1999 0:00,lvmphong@gmail.com,913829688,1.08E+11,1000000,VL
V0638,Phạm Vĩnh,Dũng,TRUE,4/17/1999 0:00,pvdung@gmail.com,913123254,75377756679,1000000,VL
V0639,Văn Thị Thảo,Dung,FALSE,2/11/1999 0:00,vttdung@gmail.com,913178816,8.85E+11,3000000,VL
V0640,Hoàng Thảo,Hương,FALSE,7/9/1999 0:00,hthuong@gmail.com,913821381,1.65E+11,3000000,VL
V0641,Lê Thị Thanh,Hoa,FALSE,6/2/1999 0:00,ltthoa@gmail.com,913607583,7.68E+11,3000000,VL
V0642,Phạm Thị Thanh,Hương,FALSE,11/4/1999 0:00,ptthuong@gmail.com,168542318,5.14E+11,0,VL
V0643,Đinh Thị,Ly,FALSE,8/17/1999 0:00,dtly@gmail.com,168552949,4.43E+11,2000000,VL
V0644,Đinh Nam,Dũng,TRUE,7/6/1999 0:00,dndung@gmail.com,913501763,2.34E+11,1000000,VL
V0645,Mã Bạch,Thu,TRUE,5/21/1999 0:00,mbthu@gmail.com,913736511,6.30E+11,1000000,VL
V0646,Thái Nam,Sinh,TRUE,1/5/1999 0:00,tnsinh@gmail.com,913020768,9.88E+11,0,VL
V0647,Lâm Phú,Mỹ,TRUE,7/8/1999 0:00,lpmy@gmail.com,987163627,7.12E+11,2000000,VL
V0648,Văn Thảo,Loan,FALSE,6/25/1999 0:00,vtloan@gmail.com,987448851,7.62E+11,0,VL
V0649,Hoàng Thanh,Phương,FALSE,6/2/1999 0:00,htphuong@gmail.com,168513562,3.32E+11,2000000,VL
V0650,Phạm Mạnh,Lộc,TRUE,11/5/1999 0:00,pmloc@gmail.com,913031944,4.83E+11,0,VL
V0651,Thái Thảo,Dung,FALSE,2/13/1999 0:00,ttdung@gmail.com,168142036,6.60E+11,0,VL
V0652,Phạm Bạch,Mỹ,FALSE,1/13/1999 0:00,pbmy@gmail.com,168033051,6.53E+11,0,VL
V0653,Hoàng Mạnh,Vỹ,TRUE,9/14/1999 0:00,hmvy@gmail.com,168431326,2.92E+11,0,VL
V0654,Vương Minh,Thu,FALSE,3/14/1999 0:00,vmthu@gmail.com,913625835,8.79E+11,1000000,VL
V0655,Vương Thị Thanh,Dung,FALSE,8/4/1999 0:00,vttdung@gmail.com,913117751,1.46E+11,3000000,VL
V0656,Đàm Mạnh,Hòa,TRUE,4/22/1999 0:00,dmhoa@gmail.com,987585756,5.31E+11,2000000,VL
V0657,Thái Thị,Hương,FALSE,2/20/1999 0:00,tthuong@gmail.com,168414235,8.99E+11,3000000,VL
V0658,Cao Mạnh,Thiện,TRUE,7/3/1999 0:00,cmthien@gmail.com,913025477,6.89E+11,3000000,VL
V0659,Đặng Thị,Đào,FALSE,11/21/1999 0:00,dtdao@gmail.com,987947345,2.80E+11,1000000,VL
V0660,Đàm Thảo,Loan,FALSE,11/2/1999 0:00,dtloan@gmail.com,987452013,6.36E+11,1000000,VL
V0661,Mã Bạch,Phương,FALSE,8/11/1999 0:00,mbphuong@gmail.com,168329615,6.26E+11,3000000,VL
V0662,Khương Bạch,Thanh,TRUE,1/19/1999 0:00,kbthanh@gmail.com,168816590,3.21E+11,1000000,VL
V0663,Đàm Văn Minh,Trọng,TRUE,2/15/1999 0:00,dvmtrong@gmail.com,913442323,1.46E+11,3000000,VL
V0664,Vương Văn Minh,Mẫn,TRUE,7/16/1999 0:00,vvmman@gmail.com,913425237,1.41E+11,3000000,VL
V0665,Đặng Thị Thanh,Nga,FALSE,3/25/1999 0:00,dttnga@gmail.com,987946343,6.26E+11,0,VL
V0666,Mã Văn Minh,Thiện,TRUE,8/30/1999 0:00,mvmthien@gmail.com,168425757,5.65E+11,0,VL
V0667,Lâm Thảo,Lan,FALSE,6/20/1999 0:00,ltlan@gmail.com,913519630,3.57E+11,3000000,VL
V0668,Lâm Minh,Thu,TRUE,8/23/1999 0:00,lmthu@gmail.com,987564601,7.12E+11,2000000,VL
V0669,Thái Thanh,Tâm,TRUE,7/10/1999 0:00,tttam@gmail.com,168350610,3.67E+11,1000000,VL
V0670,Bạch Thị Thanh,Nga,FALSE,5/22/1999 0:00,bttnga@gmail.com,913282054,1.01E+11,0,VL
V0671,Lâm Vĩnh,Lộc,TRUE,7/19/1999 0:00,lvloc@gmail.com,987854137,3.07E+11,1000000,VL
V0672,Phạm Văn Minh,Thăng,TRUE,11/23/1999 0:00,pvmthang@gmail.com,913864735,1.12E+11,1000000,VL
V0673,Lâm Vĩnh,Trọng,TRUE,4/10/1999 0:00,lvtrong@gmail.com,168534378,6.98E+11,2000000,VL
V0674,Bạch Nam,Thiệu,TRUE,8/14/1999 0:00,bnthieu@gmail.com,168463843,3.88E+11,0,VL
V0675,Phạm Phú,Minh,FALSE,2/9/1999 0:00,ppminh@gmail.com,987665151,3.10E+11,1000000,VL
V0676,Đàm Thảo,Ly,FALSE,5/8/1999 0:00,dtly@gmail.com,913188686,6.26E+11,2000000,VL
V0677,Nguyễn Thị Thanh,Nhung,FALSE,9/10/1999 0:00,nttnhung@gmail.com,168468255,3.61E+11,0,VL
V0678,Phạm Mạnh,Phong,TRUE,4/24/1999 0:00,pmphong@gmail.com,168951332,34679708146,3000000,VL
V0679,Phạm Bạch,Minh,TRUE,4/26/1999 0:00,pbminh@gmail.com,168447385,1.60E+11,0,VL
V0680,Thái Bạch,Phương,FALSE,2/21/1999 0:00,tbphuong@gmail.com,987422280,1.47E+11,1000000,VL
V0681,Thái Văn Minh,Hiệu,TRUE,5/23/1999 0:00,tvmhieu@gmail.com,987178085,6.56E+11,2000000,VL
V0682,Trần Văn Minh,Bảo,TRUE,2/4/1999 0:00,tvmbao@gmail.com,987937696,6.69E+11,3000000,VL
V0683,Cao Nam,Mẫn,TRUE,6/23/1999 0:00,cnman@gmail.com,987607898,7.62E+11,1000000,VL
V0684,Mã Văn Minh,Bảo,TRUE,7/16/1999 0:00,mvmbao@gmail.com,913792686,1.67E+11,1000000,VL
V0685,Mã Nam,Sinh,TRUE,8/22/1999 0:00,mnsinh@gmail.com,913136855,6.65E+11,3000000,VL
V0686,Phạm Vĩnh,Phong,TRUE,8/5/1999 0:00,pvphong@gmail.com,913277855,9.41E+11,0,VL
V0687,Khương Ngọc,Mỹ,FALSE,10/20/1999 0:00,knmy@gmail.com,987205473,41225753027,1000000,VL
V0688,Lâm Văn Minh,Thiệu,TRUE,11/10/1999 0:00,lvmthieu@gmail.com,913758051,9.56E+11,0,VL
V0689,Vương Nam,Tuấn,TRUE,1/7/1999 0:00,vntuan@gmail.com,987863713,5.29E+11,1000000,VL
V0690,Văn Phú,Ngân,TRUE,8/13/1999 0:00,vpngan@gmail.com,913962186,3.96E+11,1000000,VL
V0691,Trần Nam,Dũng,TRUE,4/12/1999 0:00,tndung@gmail.com,987166798,7.94E+11,1000000,VL
V0692,Bạch Thảo,Trang,FALSE,4/12/1999 0:00,bttrang@gmail.com,168143824,6.62E+11,1000000,VL
V0693,Lê Bạch,Thanh,TRUE,6/27/1999 0:00,lbthanh@gmail.com,987632516,9.55E+11,0,VL
V0694,Văn Văn Minh,Thiện,TRUE,7/23/1999 0:00,vvmthien@gmail.com,168256269,5.29E+11,0,VL
V0695,Bạch Văn Minh,Tuấn,TRUE,11/13/1999 0:00,bvmtuan@gmail.com,913172422,2.81E+11,0,VL
V0696,Đàm Bạch,Ngọc,TRUE,12/19/1999 0:00,dbngoc@gmail.com,913775145,4.22E+11,1000000,VL
V0697,Lâm Văn Minh,Hòa,TRUE,1/13/1999 0:00,lvmhoa@gmail.com,913244418,5.52E+11,0,VL
V0698,Lý Thị,Loan,FALSE,5/16/1999 0:00,ltloan@gmail.com,987649380,4.62E+11,2000000,VL
V0699,Lê Vĩnh,Hòa,TRUE,6/12/1999 0:00,lvhoa@gmail.com,168737918,1.40E+11,0,VL
V0700,Cao Thảo,Ly,FALSE,11/6/1999 0:00,ctly@gmail.com,168435083,8.31E+11,3000000,VL
V0701,Thái Thị Thanh,Nga,FALSE,6/29/1999 0:00,tttnga@gmail.com,913964907,3.70E+11,0,VL
V0702,Đặng Ngọc,Phương,FALSE,11/9/1999 0:00,dnphuong@gmail.com,168391113,4.51E+11,1000000,VL
V0703,Mã Văn Minh,Thiện,TRUE,2/3/1999 0:00,mvmthien@gmail.com,913486618,8.47E+11,3000000,VL
V0704,Văn Văn Minh,Huy,TRUE,11/5/1999 0:00,vvmhuy@gmail.com,168986806,1.14E+11,1000000,VL
V0705,Lê Thanh,Tâm,TRUE,11/4/1999 0:00,lttam@gmail.com,913931935,1.54E+11,0,VL
V0706,Khương Mạnh,Hiệu,TRUE,2/4/1999 0:00,kmhieu@gmail.com,913754170,3.06E+11,3000000,VL
V0707,Đinh Thị,Đào,FALSE,7/15/1999 0:00,dtdao@gmail.com,913846092,3.49E+11,3000000,VL
V0708,Khương Thị Thảo,Nhung,FALSE,7/29/1999 0:00,kttnhung@gmail.com,168988291,7.91E+11,2000000,VL
V0709,Vương Văn Minh,Hiệu,TRUE,9/6/1999 0:00,vvmhieu@gmail.com,168783623,41381724218,0,VL
V0710,Hoàng Vĩnh,Hiệu,TRUE,8/26/1999 0:00,hvhieu@gmail.com,913319691,1.85E+11,0,VL
V0711,Khương Thảo,Trang,FALSE,1/19/1999 0:00,kttrang@gmail.com,913527131,6.27E+11,3000000,VL
V0712,Thái Thị Thanh,Nhung,FALSE,2/13/1999 0:00,tttnhung@gmail.com,168544122,4.20E+11,1000000,VL
V0713,Văn Thị,Hạnh,FALSE,6/17/1999 0:00,vthanh@gmail.com,913325482,1.96E+11,0,VL
V0714,Cao Phú,Ngân,FALSE,10/1/1999 0:00,cpngan@gmail.com,168684574,1.84E+11,0,VL
V0715,Khương Vĩnh,Phong,TRUE,3/22/1999 0:00,kvphong@gmail.com,168568182,5.28E+11,3000000,VL
V0716,Lâm Vĩnh,Hòa,TRUE,2/20/1999 0:00,lvhoa@gmail.com,987251645,81295438506,0,VL
V0717,Khương Thị,Đào,FALSE,9/3/1999 0:00,ktdao@gmail.com,987168559,3.27E+11,1000000,VL
V0718,Hoàng Thị Thanh,Hương,FALSE,9/24/1999 0:00,htthuong@gmail.com,168152144,6.73E+11,0,VL
V0719,Phạm Nam,Sinh,TRUE,2/4/1999 0:00,pnsinh@gmail.com,987781745,5.79E+11,2000000,VL
V0720,Phạm Phú,Phương,TRUE,8/14/1999 0:00,ppphuong@gmail.com,168027172,3.45E+11,1000000,VL
V0721,Văn Thị Thanh,Nhung,FALSE,6/10/1999 0:00,vttnhung@gmail.com,987311317,7.55E+11,3000000,VL
V0722,Đặng Vĩnh,Thiệu,TRUE,5/30/1999 0:00,dvthieu@gmail.com,913221479,3.42E+11,3000000,VL
V0723,Mã Mạnh,Mẫn,TRUE,8/26/1999 0:00,mmman@gmail.com,987621792,2.65E+11,0,VL
V0724,Thái Vĩnh,Phong,TRUE,9/28/1999 0:00,tvphong@gmail.com,913502736,4.21E+11,0,VL
V0725,Thái Thị Thanh,Nga,FALSE,7/4/1999 0:00,tttnga@gmail.com,168385697,6.74E+11,2000000,VL
V0726,Lê Thảo,Ly,FALSE,11/27/1999 0:00,ltly@gmail.com,913819366,2.87E+11,3000000,VL
V0727,Hoàng Vĩnh,Sinh,TRUE,6/15/1999 0:00,hvsinh@gmail.com,168227281,9.53E+11,0,VL
V0728,Nguyễn Văn Minh,Sinh,TRUE,11/21/1999 0:00,nvmsinh@gmail.com,987778291,5.15E+11,3000000,VL
V0729,Phạm Thị,Loan,FALSE,1/29/1999 0:00,ptloan@gmail.com,168868103,8.29E+11,2000000,VL
V0730,Cao Vĩnh,Bảo,TRUE,10/27/1999 0:00,cvbao@gmail.com,987894651,9.77E+11,3000000,VL
V0731,Vương Vĩnh,Mẫn,TRUE,7/6/1999 0:00,vvman@gmail.com,168877015,2.13E+11,0,VL
V0732,Hoàng Minh,Ngọc,FALSE,7/8/1999 0:00,hmngoc@gmail.com,913011395,8.47E+11,1000000,VL
V0733,Bạch Văn,Thăng,TRUE,5/29/1999 0:00,bvthang@gmail.com,168118262,6.32E+11,0,VL
V0734,Cao Văn Minh,Thiệu,TRUE,11/21/1999 0:00,cvmthieu@gmail.com,987667368,9.76E+11,2000000,VL
V0735,Lâm Minh,Mỹ,TRUE,5/2/1999 0:00,lmmy@gmail.com,913987771,9.51E+11,0,VL
V0736,Lê Thị,Lan,FALSE,3/23/1999 0:00,ltlan@gmail.com,987384382,1.75E+11,3000000,VL
V0737,Đinh Thị,Trúc,FALSE,3/16/1999 0:00,dttruc@gmail.com,168028643,7.46E+11,2000000,VL
V0738,Cao Nam,Bảo,TRUE,9/7/1999 0:00,cnbao@gmail.com,913482327,8.94E+11,3000000,VL
V0739,Lý Thị Thảo,Hoa,FALSE,6/18/1999 0:00,ltthoa@gmail.com,987685421,1.07E+11,1000000,VL
V0740,Bạch Phương,Phương,FALSE,6/10/1999 0:00,bpphuong@gmail.com,987283422,2.61E+11,2000000,VL
V0741,Đàm Ngọc,Tâm,FALSE,9/27/1999 0:00,dntam@gmail.com,987353219,3.48E+11,0,VL
V0742,Hoàng Bạch,Mỹ,TRUE,2/21/1999 0:00,hbmy@gmail.com,913118480,7.30E+11,2000000,VL
V0743,Trần Phú,Tâm,TRUE,5/2/1999 0:00,tptam@gmail.com,168423186,4.37E+11,0,VL
V0744,Phạm Thị Thanh,Nga,FALSE,3/25/1999 0:00,pttnga@gmail.com,913915218,1.98E+11,1000000,VL
V0745,Văn Vĩnh,Kiệt,TRUE,1/2/1999 0:00,vvkiet@gmail.com,913791546,8.14E+11,2000000,VL
V0746,Bạch Thị Thảo,Đào,FALSE,4/21/1999 0:00,bttdao@gmail.com,913394827,6.76E+11,3000000,VL
V0747,Mã Phú,Tâm,TRUE,8/25/1999 0:00,mptam@gmail.com,168643676,3.36E+11,3000000,VL
V0748,Lê Nam,Trọng,TRUE,2/13/1999 0:00,lntrong@gmail.com,168183367,8.12E+11,1000000,VL
V0749,Hoàng Thảo,Lan,FALSE,3/3/1999 0:00,htlan@gmail.com,987652634,1.10E+11,1000000,VL
V0750,Phạm Mạnh,Sang,TRUE,5/3/1999 0:00,pmsang@gmail.com,913686609,2.52E+11,2000000,VL
V0751,Lê Thị Thanh,Ly,FALSE,8/13/1999 0:00,lttly@gmail.com,913833191,6.37E+11,3000000,VL
V0752,Đặng Văn Minh,Thiện,TRUE,11/11/1999 0:00,dvmthien@gmail.com,913617761,7.33E+11,2000000,VL
V0753,Văn Thị Thanh,Hương,FALSE,11/7/1999 0:00,vtthuong@gmail.com,913523792,4.12E+11,1000000,VL
V0754,Hoàng Văn,Thăng,TRUE,5/28/1999 0:00,hvthang@gmail.com,987676733,5.37E+11,1000000,VL
V0755,Phạm Văn Minh,Sang,TRUE,8/11/1999 0:00,pvmsang@gmail.com,168545669,2.33E+11,0,VL
V0756,Lê Thị Thanh,Hoa,FALSE,12/29/1999 0:00,ltthoa@gmail.com,987867389,1.56E+11,0,VL
V0757,Văn Nam,Kiệt,TRUE,10/21/1999 0:00,vnkiet@gmail.com,913726739,7.26E+11,1000000,VL
V0758,Vương Văn Minh,Thiệu,TRUE,7/26/1999 0:00,vvmthieu@gmail.com,168465017,2.87E+11,1000000,VL
V0759,Trần Minh,Thu,FALSE,6/11/1999 0:00,tmthu@gmail.com,913673563,6.88E+11,3000000,VL
V0760,Trần Văn Minh,Sang,TRUE,10/10/1999 0:00,tvmsang@gmail.com,987116278,8.10E+11,1000000,VL
V0761,Đặng Nam,Kiệt,TRUE,8/4/1999 0:00,dnkiet@gmail.com,913721215,8.30E+11,2000000,VL
V0762,Đàm Phú,Tâm,FALSE,3/30/1999 0:00,dptam@gmail.com,913669110,2.11E+11,2000000,VL
V0763,Đinh Văn Minh,Mẫn,TRUE,10/26/1999 0:00,dvmman@gmail.com,987372352,3.42E+11,2000000,VL
V0764,Lê Bạch,Ngân,FALSE,9/10/1999 0:00,lbngan@gmail.com,987414686,4.71E+11,2000000,VL
V0765,Đinh Nam,Lộc,TRUE,11/9/1999 0:00,dnloc@gmail.com,987818155,6.14E+11,3000000,VL
V0766,Khương Vĩnh,Thiện,TRUE,7/5/1999 0:00,kvthien@gmail.com,913357407,9.22E+11,0,VL
V0767,Lê Mạnh,Bảo,TRUE,1/19/1999 0:00,lmbao@gmail.com,913476722,7.03E+11,2000000,VL
V0768,Lâm Vĩnh,Hiệu,TRUE,2/23/1999 0:00,lvhieu@gmail.com,168685348,3.04E+11,0,VL
V0769,Lý Thị,Mai,FALSE,4/13/1999 0:00,ltmai@gmail.com,168128868,2.43E+11,0,VL
V0770,Lý Văn,Sinh,TRUE,1/26/1999 0:00,lvsinh@gmail.com,168927114,3.24E+11,3000000,VL
V0771,Đinh Thị,Mai,FALSE,2/21/1999 0:00,dtmai@gmail.com,987717784,3.71E+11,0,VL
V0772,Phạm Thị Thanh,Đào,FALSE,2/14/1999 0:00,pttdao@gmail.com,168479750,3.55E+11,1000000,VL
V0773,Đàm Văn Minh,Lộc,TRUE,10/9/1999 0:00,dvmloc@gmail.com,913652093,3.45E+11,1000000,VL
V0774,Vương Bạch,Thu,TRUE,4/23/1999 0:00,vbthu@gmail.com,168211868,6.16E+11,3000000,VL
V0775,Phạm Thảo,Nga,FALSE,8/24/1999 0:00,ptnga@gmail.com,168258408,3.91E+11,0,VL
V0776,Cao Vĩnh,Mẫn,TRUE,2/18/1999 0:00,cvman@gmail.com,168667451,5.45E+11,2000000,VL
V0777,Hoàng Văn Minh,Mẫn,TRUE,1/10/1999 0:00,hvmman@gmail.com,913120776,7.16E+11,0,VL
V0778,Cao Mạnh,Huy,TRUE,7/27/1999 0:00,cmhuy@gmail.com,987543769,8.65E+11,2000000,VL
V0779,Lý Thị,Đào,FALSE,2/16/1999 0:00,ltdao@gmail.com,168682711,2.18E+11,2000000,VL
V0780,Đặng Thảo,Trúc,FALSE,7/21/1999 0:00,dttruc@gmail.com,987323155,3.56E+11,2000000,VL
V0781,Nguyễn Minh,Phương,TRUE,10/23/1999 0:00,nmphuong@gmail.com,168837564,5.42E+11,3000000,VL
V0782,Lý Thị Thanh,Dung,FALSE,8/6/1999 0:00,lttdung@gmail.com,913646860,7.32E+11,3000000,VL
V0783,Đặng Văn Minh,Kiệt,TRUE,2/4/1999 0:00,dvmkiet@gmail.com,987562087,2.03E+11,3000000,VL
V0784,Đinh Văn,Hiệu,TRUE,1/4/1999 0:00,dvhieu@gmail.com,987422659,5.36E+11,1000000,VL
V0785,Đặng Phú,Thanh,FALSE,6/17/1999 0:00,dpthanh@gmail.com,913150105,9.62E+11,0,VL
V0786,Lâm Nam,Lộc,TRUE,7/12/1999 0:00,lnloc@gmail.com,987876816,2.50E+11,0,VL
V0787,Lê Nam,Sang,TRUE,2/17/1999 0:00,lnsang@gmail.com,168354815,8.39E+11,0,VL
V0788,Vương Thanh,Phương,TRUE,10/4/1999 0:00,vtphuong@gmail.com,168754547,8.18E+11,3000000,VL
V0789,Cao Ngọc,Tâm,FALSE,2/16/1999 0:00,cntam@gmail.com,168390938,12778683128,0,VL
V0790,Vương Vĩnh,Dũng,TRUE,8/2/1999 0:00,vvdung@gmail.com,168869641,1.78E+11,2000000,VL
V0791,Lý Thị Thanh,Lan,FALSE,1/9/1999 0:00,lttlan@gmail.com,913736062,7.06E+11,2000000,VL
V0792,Văn Thị,Nga,FALSE,10/24/1999 0:00,vtnga@gmail.com,987580677,9.17E+11,0,VL
V0793,Đàm Nam,Huy,TRUE,11/24/1999 0:00,dnhuy@gmail.com,168583426,37747225125,3000000,VL
V0794,Đinh Thị Thanh,Dung,FALSE,3/2/1999 0:00,dttdung@gmail.com,987535817,8.62E+11,2000000,VL
V0795,Lê Thảo,Đào,FALSE,9/7/1999 0:00,ltdao@gmail.com,913523150,2.25E+11,3000000,VL
V0796,Phạm Thanh,Mỹ,TRUE,3/5/1999 0:00,ptmy@gmail.com,987269881,9.28E+11,0,VL
V0797,Phạm Mạnh,Phong,TRUE,9/6/1999 0:00,pmphong@gmail.com,168720187,28606147723,2000000,VL
V0798,Lê Thị Thanh,Ly,FALSE,5/20/1999 0:00,lttly@gmail.com,168315361,7.15E+11,2000000,VL
V0799,Thái Nam,Tuấn,TRUE,3/7/1999 0:00,tntuan@gmail.com,913950748,1.67E+11,1000000,VL
V0800,Đinh Văn Minh,Thiệu,TRUE,4/10/1999 0:00,dvmthieu@gmail.com,987881211,4.74E+11,3000000,VL
V0801,Lý Nam,Hiệu,TRUE,9/11/1999 0:00,lnhieu@gmail.com,987511308,6.47E+11,1000000,VL
V0802,Bạch Văn Minh,Tuấn,TRUE,11/29/1999 0:00,bvmtuan@gmail.com,987287373,1.77E+11,1000000,VL
V0803,Lâm Nam,Dũng,TRUE,7/9/1999 0:00,lndung@gmail.com,987894644,4.32E+11,0,VL
V0804,Mã Thanh,Thu,FALSE,3/23/1999 0:00,mtthu@gmail.com,168077764,4.41E+11,1000000,VL
V0805,Lê Minh,Mỹ,FALSE,8/10/1999 0:00,lmmy@gmail.com,987702846,9.67E+11,0,VL
V0806,Đàm Thanh,Phương,TRUE,6/1/1999 0:00,dtphuong@gmail.com,913423513,4.05E+11,2000000,VL
V0807,Cao Vĩnh,Phong,TRUE,10/28/1999 0:00,cvphong@gmail.com,913542214,7.61E+11,0,VL
V0808,Khương Vĩnh,Huy,TRUE,4/30/1999 0:00,kvhuy@gmail.com,913122480,2.11E+11,0,VL
V0809,Phạm Phú,Tâm,TRUE,6/19/1999 0:00,pptam@gmail.com,913612732,9.14E+11,2000000,VL
V0810,Đinh Vĩnh,Huy,TRUE,6/9/1999 0:00,dvhuy@gmail.com,987683822,2.24E+11,3000000,VL
V0811,Đinh Minh,Thu,TRUE,7/28/1999 0:00,dmthu@gmail.com,168457855,3.32E+11,2000000,VL
V0812,Thái Văn,Phong,TRUE,9/14/1999 0:00,tvphong@gmail.com,168423843,6.87E+11,2000000,VL
V0813,Khương Nam,Tuấn,TRUE,8/12/1999 0:00,kntuan@gmail.com,987052443,9.64E+11,0,VL
V0814,Lâm Nam,Thiệu,TRUE,7/15/1999 0:00,lnthieu@gmail.com,987241210,8.23E+11,0,VL
V0815,Thái Nam,Mẫn,TRUE,10/15/1999 0:00,tnman@gmail.com,987884502,3.83E+11,0,VL
V0816,Lâm Văn Minh,Thiện,TRUE,1/13/1999 0:00,lvmthien@gmail.com,913436761,7.77E+11,1000000,VL
V0817,Cao Vĩnh,Mẫn,TRUE,9/23/1999 0:00,cvman@gmail.com,168802825,7.60E+11,1000000,VL
V0818,Đàm Thảo,Hạnh,FALSE,9/19/1999 0:00,dthanh@gmail.com,168534506,1.61E+11,0,VL
V0819,Văn Nam,Vỹ,TRUE,3/3/1999 0:00,vnvy@gmail.com,987438372,6.37E+11,1000000,VL
V0820,Vương Phú,Ngân,FALSE,1/21/1999 0:00,vpngan@gmail.com,913532156,6.28E+11,3000000,VL
V0821,Bạch Thảo,Thúy,FALSE,8/23/1999 0:00,btthuy@gmail.com,913265222,6.77E+11,3000000,VL
V0822,Vương Bạch,Mỹ,TRUE,10/15/1999 0:00,vbmy@gmail.com,913921265,4.67E+11,2000000,VL
V0823,Lâm Vĩnh,Hòa,TRUE,2/19/1999 0:00,lvhoa@gmail.com,168512238,4.25E+11,3000000,VL
V0824,Lâm Phú,Thu,TRUE,11/28/1999 0:00,lpthu@gmail.com,987888280,2.92E+11,3000000,VL
V0825,Hoàng Thị Thanh,Thúy,FALSE,10/9/1999 0:00,httthuy@gmail.com,168313846,8.44E+11,0,VL
V0826,Đàm Văn Minh,Lộc,TRUE,10/9/1999 0:00,dvmloc@gmail.com,168262680,2.49E+11,0,VL
V0827,Đặng Thị Thanh,Mai,FALSE,12/17/1999 0:00,dttmai@gmail.com,168886895,7.28E+11,1000000,VL
V0828,Đặng Thanh,Tâm,TRUE,7/7/1999 0:00,dttam@gmail.com,913851541,78519599539,1000000,VL
V0829,Phạm Thảo,Hạnh,FALSE,1/2/1999 0:00,pthanh@gmail.com,987226855,4.47E+11,0,VL
V0830,Văn Thảo,Nhung,FALSE,5/26/1999 0:00,vtnhung@gmail.com,168762818,2.22E+11,1000000,VL
V0831,Lê Vĩnh,Dũng,TRUE,7/5/1999 0:00,lvdung@gmail.com,913841405,5.13E+11,2000000,VL
V0832,Mã Thị Thanh,Loan,FALSE,4/9/1999 0:00,mttloan@gmail.com,913867284,8.85E+11,2000000,VL
V0833,Trần Phú,Minh,FALSE,5/24/1999 0:00,tpminh@gmail.com,168861731,1.91E+11,2000000,VL
V0834,Đinh Văn Minh,Vỹ,TRUE,7/30/1999 0:00,dvmvy@gmail.com,913678968,3.86E+11,1000000,VL
V0835,Đàm Thảo,Nhung,FALSE,11/8/1999 0:00,dtnhung@gmail.com,987391639,5.89E+11,3000000,VL
V0836,Đặng Thị Thanh,Nhung,FALSE,12/8/1999 0:00,dttnhung@gmail.com,168947856,1.50E+11,3000000,VL
V0837,Bạch Nam,Thiện,TRUE,8/12/1999 0:00,bnthien@gmail.com,168327772,9.87E+11,1000000,VL
V0838,Khương Phú,Ngân,FALSE,2/15/1999 0:00,kpngan@gmail.com,168884364,3.25E+11,3000000,VL
V0839,Thái Văn Minh,Thiệu,TRUE,11/27/1999 0:00,tvmthieu@gmail.com,913213386,6.18E+11,1000000,VL
V0840,Đàm Mạnh,Tuấn,TRUE,5/18/1999 0:00,dmtuan@gmail.com,168977242,3.72E+11,3000000,VL
V0841,Bạch Nam,Thiện,TRUE,8/27/1999 0:00,bnthien@gmail.com,168452836,5.93E+11,3000000,VL
V0842,Văn Nam,Thiện,TRUE,11/3/1999 0:00,vnthien@gmail.com,913253304,3.52E+11,1000000,VL
V0843,Văn Vĩnh,Phong,TRUE,3/20/1999 0:00,vvphong@gmail.com,913653461,2.80E+11,3000000,VL
V0844,Vương Văn,Thiện,TRUE,8/8/1999 0:00,vvthien@gmail.com,913876543,8.45E+11,0,VL
V0845,Đặng Thị Thanh,Nhung,FALSE,7/4/1999 0:00,dttnhung@gmail.com,168378850,6.82E+11,3000000,VL
V0846,Lê Văn,Lộc,TRUE,10/31/1999 0:00,lvloc@gmail.com,913128685,6.58E+11,3000000,VL
V0847,Cao Thanh,Tâm,FALSE,10/28/1999 0:00,cttam@gmail.com,168875206,1.37E+11,0,VL
V0848,Khương Văn Minh,Dũng,TRUE,2/23/1999 0:00,kvmdung@gmail.com,913107397,7.68E+11,0,VL
V0849,Văn Thị Thanh,Lan,FALSE,3/29/1999 0:00,vttlan@gmail.com,168174444,5.16E+11,2000000,VL
V0850,Lý Phú,Thanh,FALSE,2/26/1999 0:00,lpthanh@gmail.com,913513475,9.19E+11,0,VL
V0851,Lâm Thị Thanh,Ly,FALSE,4/11/1999 0:00,lttly@gmail.com,987114674,2.36E+11,1000000,VL
V0852,Lê Văn Minh,Dũng,TRUE,11/29/1999 0:00,lvmdung@gmail.com,168125412,3.72E+11,0,VL
V0853,Đinh Nam,Vỹ,TRUE,4/22/1999 0:00,dnvy@gmail.com,987743084,1.68E+11,3000000,VL
V0854,Cao Văn,Kiệt,TRUE,8/25/1999 0:00,cvkiet@gmail.com,987466256,4.53E+11,2000000,VL
V0855,Mã Nam,Thăng,TRUE,8/2/1999 0:00,mnthang@gmail.com,168486825,7.25E+11,2000000,VL
V0856,Văn Mạnh,Dũng,TRUE,9/2/1999 0:00,vmdung@gmail.com,987225096,1.55E+11,2000000,VL
V0857,Thái Bạch,Phương,TRUE,10/12/1999 0:00,tbphuong@gmail.com,987898638,1.94E+11,3000000,VL
V0858,Thái Thị Thảo,Thúy,FALSE,3/11/1999 0:00,tttthuy@gmail.com,913668071,53808277081,1000000,VL
V0859,Đàm Văn Minh,Hiệu,TRUE,5/18/1999 0:00,dvmhieu@gmail.com,987194887,89276874831,1000000,VL
V0860,Nguyễn Thảo,Đào,FALSE,1/2/1999 0:00,ntdao@gmail.com,987962655,5.01E+11,3000000,VL
V0861,Trần Thảo,Dung,FALSE,2/26/1999 0:00,ttdung@gmail.com,913823838,6.44E+11,3000000,VL
V0862,Phạm Văn Minh,Trọng,TRUE,4/18/1999 0:00,pvmtrong@gmail.com,987222541,6.74E+11,0,VL
V0863,Khương Văn Minh,Huy,TRUE,10/7/1999 0:00,kvmhuy@gmail.com,168831637,3.04E+11,1000000,VL
V0864,Đinh Vĩnh,Kiệt,TRUE,4/10/1999 0:00,dvkiet@gmail.com,987755583,2.04E+11,3000000,VL
V0865,Lâm Minh,Thanh,TRUE,12/28/1999 0:00,lmthanh@gmail.com,168388516,4.54E+11,2000000,VL
V0866,Đặng Thảo,Đào,FALSE,11/2/1999 0:00,dtdao@gmail.com,168523669,3.71E+11,0,VL
V0867,Bạch Vĩnh,Sang,TRUE,7/23/1999 0:00,bvsang@gmail.com,168119383,4.67E+11,3000000,VL
V0868,Lê Thị Thảo,Trúc,FALSE,2/5/1999 0:00,ltttruc@gmail.com,987991350,2.69E+11,2000000,VL
V0869,Đàm Thị Thanh,Hoa,FALSE,10/9/1999 0:00,dtthoa@gmail.com,987633898,62229847867,3000000,VL
V0870,Khương Thảo,Ly,FALSE,8/14/1999 0:00,ktly@gmail.com,987427333,5.41E+11,2000000,VL
V0871,Nguyễn Văn Minh,Huy,TRUE,8/13/1999 0:00,nvmhuy@gmail.com,913521524,57149733526,2000000,VL
V0872,Bạch Minh,Phương,FALSE,7/19/1999 0:00,bmphuong@gmail.com,913546274,8.86E+11,2000000,VL
V0873,Khương Thị Thảo,Dung,FALSE,4/4/1999 0:00,kttdung@gmail.com,913290195,4.72E+11,3000000,VL
V0874,Lâm Thị Thanh,Nga,FALSE,9/25/1999 0:00,lttnga@gmail.com,168640337,8.73E+11,3000000,VL
V0875,Lâm Thị Thảo,Trang,FALSE,7/14/1999 0:00,ltttrang@gmail.com,987311360,1.83E+11,2000000,VL
V0876,Đinh Thị Thanh,Nga,FALSE,11/28/1999 0:00,dttnga@gmail.com,913144165,6.52E+11,1000000,VL
V0877,Cao Thị Thanh,Thúy,FALSE,11/7/1999 0:00,cttthuy@gmail.com,168326645,6.98E+11,3000000,VL
V0878,Nguyễn Nam,Sinh,TRUE,9/28/1999 0:00,nnsinh@gmail.com,913782731,7.94E+11,3000000,VL
V0879,Khương Thảo,Đào,FALSE,8/7/1999 0:00,ktdao@gmail.com,168611694,4.54E+11,1000000,VL
V0880,Phạm Mạnh,Trọng,TRUE,5/13/1999 0:00,pmtrong@gmail.com,168061514,8.58E+11,3000000,VL
V0881,Hoàng Thị Thanh,Hương,FALSE,1/17/1999 0:00,htthuong@gmail.com,987454575,5.20E+11,3000000,VL
V0882,Lê Thảo,Ly,FALSE,6/27/1999 0:00,ltly@gmail.com,913673413,3.18E+11,3000000,VL
V0883,Vương Minh,Phương,TRUE,6/21/1999 0:00,vmphuong@gmail.com,168233422,18272517484,1000000,VL
V0884,Trần Ngọc,Mỹ,TRUE,7/6/1999 0:00,tnmy@gmail.com,168213713,2.05E+11,3000000,VL
V0885,Lâm Thị Thảo,Hương,FALSE,4/2/1999 0:00,ltthuong@gmail.com,987216232,8.57E+11,2000000,VL
V0886,Hoàng Ngọc,Phương,TRUE,2/15/1999 0:00,hnphuong@gmail.com,987678763,6.47E+11,1000000,VL
V0887,Nguyễn Thị Thảo,Trang,FALSE,10/3/1999 0:00,ntttrang@gmail.com,987784134,1.45E+11,3000000,VL
V0888,Khương Thảo,Loan,FALSE,6/6/1999 0:00,ktloan@gmail.com,168105263,8.98E+11,0,VL
V0889,Thái Văn,Huy,TRUE,11/22/1999 0:00,tvhuy@gmail.com,168850294,2.28E+11,0,VL
V0890,Lý Bạch,Thu,TRUE,8/2/1999 0:00,lbthu@gmail.com,987265217,6.13E+11,1000000,VL
V0891,Trần Văn Minh,Hòa,TRUE,12/18/1999 0:00,tvmhoa@gmail.com,987662343,6.11E+11,2000000,VL
V0892,Đặng Minh,Minh,FALSE,6/29/1999 0:00,dmminh@gmail.com,987731184,7.35E+11,0,VL
V0893,Vương Thảo,Dung,FALSE,4/14/1999 0:00,vtdung@gmail.com,913472119,3.72E+11,2000000,VL
V0894,Đặng Thảo,Nga,FALSE,6/3/1999 0:00,dtnga@gmail.com,168492564,8.83E+11,1000000,VL
V0895,Thái Thị Thanh,Trúc,FALSE,8/19/1999 0:00,ttttruc@gmail.com,168744481,1.63E+11,1000000,VL
V0896,Mã Nam,Dũng,TRUE,11/1/1999 0:00,mndung@gmail.com,913446485,2.52E+11,2000000,VL
V0897,Văn Nam,Kiệt,TRUE,7/9/1999 0:00,vnkiet@gmail.com,913617384,4.98E+11,3000000,VL
V0898,Bạch Nam,Hiệu,TRUE,8/22/1999 0:00,bnhieu@gmail.com,987845354,8.82E+11,3000000,VL
V0899,Đinh Văn Minh,Tuấn,TRUE,7/9/1999 0:00,dvmtuan@gmail.com,168603989,6.01E+11,2000000,VL
V0900,Vương Phú,Thu,FALSE,8/1/1999 0:00,vpthu@gmail.com,168344878,8.75E+11,2000000,VL
V0901,Lý Thảo,Nhung,FALSE,2/22/1999 0:00,ltnhung@gmail.com,987647625,2.64E+11,3000000,VL
V0902,Lâm Thị Thảo,Hoa,FALSE,2/9/1999 0:00,ltthoa@gmail.com,168227921,6.11E+11,3000000,VL
V0903,Phạm Thị Thanh,Trang,FALSE,12/21/1999 0:00,ptttrang@gmail.com,913627365,1.43E+11,0,VL
V0904,Khương Ngọc,Minh,FALSE,6/30/1999 0:00,knminh@gmail.com,168467058,2.45E+11,0,VL
V0905,Lý Nam,Vỹ,TRUE,10/21/1999 0:00,lnvy@gmail.com,913344825,8.04E+11,2000000,VL
V0906,Văn Văn Minh,Mẫn,TRUE,10/5/1999 0:00,vvmman@gmail.com,168794143,2.28E+11,1000000,VL
V0907,Bạch Thị Thảo,Trang,FALSE,5/9/1999 0:00,btttrang@gmail.com,168517314,1.34E+11,2000000,VL
V0908,Lý Thảo,Hoa,FALSE,6/13/1999 0:00,lthoa@gmail.com,987856775,4.43E+11,3000000,VL
V0909,Lâm Văn,Vỹ,TRUE,9/27/1999 0:00,lvvy@gmail.com,987731346,24123753542,0,VL
V0910,Văn Phương,Thu,FALSE,2/28/1999 0:00,vpthu@gmail.com,913113067,9.61E+11,0,VL
V0911,Hoàng Vĩnh,Mẫn,TRUE,5/11/1999 0:00,hvman@gmail.com,168726913,6.63E+11,3000000,VL
V0912,Nguyễn Thảo,Nhung,FALSE,5/5/1999 0:00,ntnhung@gmail.com,913424871,5.00E+11,3000000,VL
V0913,Cao Vĩnh,Bảo,TRUE,6/10/1999 0:00,cvbao@gmail.com,987826885,1.21E+11,3000000,VL
V0914,Vương Vĩnh,Bảo,TRUE,7/30/1999 0:00,vvbao@gmail.com,913662153,6.43E+11,3000000,VL
V0915,Trần Vĩnh,Dũng,TRUE,7/17/1999 0:00,tvdung@gmail.com,168416073,6.27E+11,0,VL
V0916,Thái Mạnh,Lộc,TRUE,8/23/1999 0:00,tmloc@gmail.com,987841141,7.85E+11,0,VL
V0917,Hoàng Thị Thanh,Mai,FALSE,4/18/1999 0:00,httmai@gmail.com,987567066,6.03E+11,2000000,VL
V0918,Trần Thảo,Loan,FALSE,9/25/1999 0:00,ttloan@gmail.com,168306874,4.42E+11,3000000,VL
V0919,Trần Văn Minh,Thăng,TRUE,9/6/1999 0:00,tvmthang@gmail.com,168522882,94339572848,3000000,VL
V0920,Cao Văn Minh,Sinh,TRUE,4/20/1999 0:00,cvmsinh@gmail.com,168348328,7.56E+11,0,VL
V0921,Lê Thanh,Phương,FALSE,11/25/1999 0:00,ltphuong@gmail.com,168235335,2.36E+11,3000000,VL
V0922,Lê Minh,Tâm,TRUE,2/11/1999 0:00,lmtam@gmail.com,168438585,6.74E+11,1000000,VL
V0923,Nguyễn Ngọc,Thanh,TRUE,7/3/1999 0:00,nnthanh@gmail.com,913683645,2.57E+11,2000000,VL
V0924,Trần Thanh,Minh,FALSE,11/21/1999 0:00,ttminh@gmail.com,168262243,8.95E+11,3000000,VL
V0925,Đinh Thị,Nga,FALSE,3/6/1999 0:00,dtnga@gmail.com,987139661,5.63E+11,1000000,VL
V0926,Vương Thảo,Nga,FALSE,9/27/1999 0:00,vtnga@gmail.com,168920734,9.22E+11,3000000,VL
V0927,Lâm Thảo,Đào,FALSE,7/17/1999 0:00,ltdao@gmail.com,987556345,1.91E+11,1000000,VL
V0928,Phạm Văn,Dũng,TRUE,4/1/1999 0:00,pvdung@gmail.com,168252837,1.86E+11,2000000,VL
V0929,Khương Vĩnh,Mẫn,TRUE,9/16/1999 0:00,kvman@gmail.com,913747463,5.09E+11,2000000,VL
V0930,Lâm Vĩnh,Thiện,TRUE,10/23/1999 0:00,lvthien@gmail.com,987731194,7.05E+11,1000000,VL
V0931,Lâm Ngọc,Thanh,FALSE,9/16/1999 0:00,lnthanh@gmail.com,987414497,7.18E+11,2000000,VL
V0932,Lâm Thảo,Đào,FALSE,10/18/1999 0:00,ltdao@gmail.com,168846711,5.89E+11,3000000,VL
V0933,Lý Vĩnh,Tuấn,TRUE,8/16/1999 0:00,lvtuan@gmail.com,913513493,9.83E+11,0,VL
V0934,Bạch Minh,Minh,FALSE,2/17/1999 0:00,bmminh@gmail.com,987301841,7.59E+11,2000000,VL
V0935,Bạch Nam,Lộc,TRUE,12/10/1999 0:00,bnloc@gmail.com,913317773,8.24E+11,2000000,VL
V0936,Hoàng Thị Thảo,Hoa,FALSE,3/10/1999 0:00,htthoa@gmail.com,987137145,7.11E+11,1000000,VL
V0937,Văn Thị Thanh,Đào,FALSE,7/4/1999 0:00,vttdao@gmail.com,168168270,7.67E+11,3000000,VL
V0938,Trần Thanh,Mỹ,TRUE,8/13/1999 0:00,ttmy@gmail.com,987918983,1.60E+11,0,VL
V0939,Cao Nam,Phong,TRUE,11/23/1999 0:00,cnphong@gmail.com,168121214,4.20E+11,1000000,VL
V0940,Trần Nam,Thiệu,TRUE,3/15/1999 0:00,tnthieu@gmail.com,987538257,5.62E+11,0,VL
V0941,Bạch Thanh,Phương,TRUE,10/28/1999 0:00,btphuong@gmail.com,987044766,8.93E+11,3000000,VL
V0942,Phạm Văn Minh,Vỹ,TRUE,4/21/1999 0:00,pvmvy@gmail.com,913516827,2.92E+11,1000000,VL
V0943,Đàm Văn,Hòa,TRUE,12/15/1999 0:00,dvhoa@gmail.com,168514082,2.61E+11,0,VL
V0944,Lý Thảo,Nhung,FALSE,10/30/1999 0:00,ltnhung@gmail.com,913133143,6.53E+11,0,VL
V0945,Đặng Thị,Trúc,FALSE,2/16/1999 0:00,dttruc@gmail.com,168759533,5.60E+11,1000000,VL
V0946,Lý Thanh,Phương,TRUE,11/28/1999 0:00,ltphuong@gmail.com,913784408,7.53E+11,2000000,VL
V0947,Phạm Thanh,Ngân,FALSE,9/1/1999 0:00,ptngan@gmail.com,168368388,7.60E+11,2000000,VL
V0948,Hoàng Phương,Tâm,FALSE,7/10/1999 0:00,hptam@gmail.com,168324992,1.87E+11,0,VL
V0949,Nguyễn Văn Minh,Sang,TRUE,9/13/1999 0:00,nvmsang@gmail.com,913413607,5.13E+11,3000000,VL
V0950,Lê Thảo,Loan,FALSE,8/11/1999 0:00,ltloan@gmail.com,168345788,3.46E+11,1000000,VL
V0951,Lê Văn,Thiện,TRUE,1/9/1999 0:00,lvthien@gmail.com,913835830,1.24E+11,0,VL
V0952,Thái Mạnh,Trọng,TRUE,10/7/1999 0:00,tmtrong@gmail.com,168498748,2.88E+11,3000000,VL
V0953,Khương Văn Minh,Sinh,TRUE,8/2/1999 0:00,kvmsinh@gmail.com,168954373,8.80E+11,2000000,VL
V0954,Vương Thảo,Trang,FALSE,5/18/1999 0:00,vttrang@gmail.com,987462497,7.57E+11,1000000,VL
V0955,Thái Vĩnh,Sinh,TRUE,7/31/1999 0:00,tvsinh@gmail.com,168351852,3.83E+11,0,VL
V0956,Lê Phú,Ngọc,FALSE,9/29/1999 0:00,lpngoc@gmail.com,913191869,1.60E+11,0,VL
V0957,Thái Thảo,Trang,FALSE,4/7/1999 0:00,tttrang@gmail.com,987760551,2.40E+11,2000000,VL
V0958,Hoàng Thảo,Hoa,FALSE,11/16/1999 0:00,hthoa@gmail.com,168968220,4.66E+11,1000000,VL
V0959,Lý Thảo,Trang,FALSE,6/13/1999 0:00,lttrang@gmail.com,987227032,6.62E+11,2000000,VL
V0960,Khương Văn Minh,Sang,TRUE,4/26/1999 0:00,kvmsang@gmail.com,913676643,8.41E+11,2000000,VL
V0961,Phạm Phương,Tâm,TRUE,8/16/1999 0:00,pptam@gmail.com,168485173,3.49E+11,0,VL
V0962,Lý Thị Thảo,Hương,FALSE,11/5/1999 0:00,ltthuong@gmail.com,987229675,6.22E+11,0,VL
V0963,Hoàng Văn,Tân,TRUE,11/21/1999 0:00,hvtan@gmail.com,168724620,5.88E+11,3000000,VL
V0964,Đặng Minh,Thanh,FALSE,2/12/1999 0:00,dmthanh@gmail.com,168758311,1.64E+11,1000000,VL
V0965,Đặng Thảo,Nga,FALSE,8/9/1999 0:00,dtnga@gmail.com,168740091,4.55E+11,2000000,VL
V0966,Văn Phú,Ngân,FALSE,10/16/1999 0:00,vpngan@gmail.com,987781306,9.85E+11,2000000,VL
V0967,Khương Nam,Mẫn,TRUE,8/15/1999 0:00,knman@gmail.com,168583764,1.09E+11,2000000,VL
V0968,Đinh Thị Thảo,Đào,FALSE,5/8/1999 0:00,dttdao@gmail.com,987894556,8.75E+11,3000000,VL
V0969,Lê Vĩnh,Hòa,TRUE,6/11/1999 0:00,lvhoa@gmail.com,987983651,4.17E+11,1000000,VL
V0970,Văn Thị Thảo,Thúy,FALSE,4/20/1999 0:00,vttthuy@gmail.com,168666897,8.80E+11,3000000,VL
V0971,Hoàng Vĩnh,Thiệu,TRUE,9/11/1999 0:00,hvthieu@gmail.com,168238238,7.83E+11,0,VL
V0972,Phạm Mạnh,Thiệu,TRUE,2/26/1999 0:00,pmthieu@gmail.com,168891145,2.76E+11,2000000,VL
V0973,Vương Nam,Lộc,TRUE,2/9/1999 0:00,vnloc@gmail.com,168205578,7.27E+11,2000000,VL
V0974,Thái Thị Thanh,Nga,FALSE,2/13/1999 0:00,tttnga@gmail.com,987324843,6.31E+11,0,VL
V0975,Đặng Thị Thảo,Lan,FALSE,5/12/1999 0:00,dttlan@gmail.com,913484189,1.79E+11,3000000,VL
V0976,Đinh Ngọc,Tâm,FALSE,5/3/1999 0:00,dntam@gmail.com,913163600,8.78E+11,3000000,VL
V0977,Lý Vĩnh,Thiệu,TRUE,9/18/1999 0:00,lvthieu@gmail.com,168115543,1.52E+11,2000000,VL
V0978,Mã Thảo,Hoa,FALSE,7/7/1999 0:00,mthoa@gmail.com,168227727,6.39E+11,3000000,VL
V0979,Đinh Văn Minh,Thiện,TRUE,4/27/1999 0:00,dvmthien@gmail.com,987560651,8.02E+11,1000000,VL
V0980,Bạch Thị Thanh,Nhung,FALSE,10/12/1999 0:00,bttnhung@gmail.com,987545685,3.13E+11,0,VL
V0981,Khương Văn,Thiệu,TRUE,2/27/1999 0:00,kvthieu@gmail.com,913200905,6.75E+11,3000000,VL
V0982,Văn Bạch,Tâm,TRUE,5/5/1999 0:00,vbtam@gmail.com,913330731,15324169436,3000000,VL
V0983,Lý Minh,Phương,TRUE,9/25/1999 0:00,lmphuong@gmail.com,987656297,2.66E+11,2000000,VL
V0984,Đặng Thị Thanh,Ly,FALSE,8/23/1999 0:00,dttly@gmail.com,168515362,3.03E+11,3000000,VL
V0985,Lâm Mạnh,Vỹ,TRUE,11/2/1999 0:00,lmvy@gmail.com,913159178,1.67E+11,3000000,VL
V0986,Văn Thảo,Dung,FALSE,2/7/1999 0:00,vtdung@gmail.com,913917476,1.48E+11,0,VL
V0987,Trần Mạnh,Thiệu,TRUE,8/26/1999 0:00,tmthieu@gmail.com,913149120,5.59E+11,2000000,VL
V0988,Mã Thị,Hạnh,FALSE,7/9/1999 0:00,mthanh@gmail.com,987616486,19423255735,1000000,VL
V0989,Nguyễn Thảo,Đào,FALSE,2/14/1999 0:00,ntdao@gmail.com,987558728,8.17E+11,3000000,VL
V0990,Hoàng Nam,Hiệu,TRUE,10/5/1999 0:00,hnhieu@gmail.com,168211953,2.27E+11,0,VL
V0991,Thái Thị Thảo,Ly,FALSE,9/21/1999 0:00,tttly@gmail.com,168331812,6.37E+11,1000000,VL
V0992,Mã Mạnh,Huy,TRUE,3/25/1999 0:00,mmhuy@gmail.com,987322016,1.36E+11,0,VL
V0993,Hoàng Nam,Thăng,TRUE,8/25/1999 0:00,hnthang@gmail.com,987219967,5.92E+11,3000000,VL
V0994,Đặng Mạnh,Bảo,TRUE,8/30/1999 0:00,dmbao@gmail.com,913054239,18934731306,0,VL
V0995,Đàm Văn,Vỹ,TRUE,3/30/1999 0:00,dvvy@gmail.com,168924061,4.92E+11,1000000,VL
V0996,Trần Mạnh,Thăng,TRUE,6/21/1999 0:00,tmthang@gmail.com,987250062,7.69E+11,2000000,VL
V0997,Trần Vĩnh,Thiện,TRUE,7/23/1999 0:00,tvthien@gmail.com,987716502,4.68E+11,3000000,VL
V0998,Khương Thảo,Hạnh,FALSE,8/16/1999 0:00,kthanh@gmail.com,913696608,7.03E+11,0,VL
V0999,Đinh Ngọc,Ngọc,TRUE,5/25/1999 0:00,dnngoc@gmail.com,913689521,1.88E+11,3000000,VL
V1000,Lý Mạnh,Bảo,TRUE,6/3/1999 0:00,lmbao@gmail.com,987656186,8.65E+11,0,VL
